intitutionid,name
4,AISECT University
6,AKAD Hochschulen fÃ¼r BerufstÃ¤tige
8,ARYA Institute of Engineering &amp; Technology
11,Aarhus School of Architecture
12,Aarhus School of Business
14,Aarhus University
15,Abai State University
17,Abasyn University Peshawar
18,Abdus Salam international centre for theoretical physics
19,Abfi Institute Perbanas Jakarta
23,Abilene Christian University
26,Abubakar Tafawa Balewa University
29,Academia Nacional Superior de Orquesta
33,Academy of Arts &quot;George Enescu&quot; Iasi
35,Academy of Drama and Film
41,Academy of Economics in Wroclaw
45,Academy of International Economic and Political Relations
46, Gdynia
60,Accra Polytechnic
66,Adam Mickiewicz University of Poznan
68,Adamawa State University Mubi
70,Addis Ababa Science &amp; Technology University
72,Adekunle Ajasin University
79,Adigrat University
82,Adventist University of Africa
84,Adventist University of the Philippines
88, Ado-Ekiti - Ekiti State
90,Afghan University
91,Africa International University
97,African Virtual University
99,Aga Khan University
105,Agnes Scott College
108,Agricultural University of Lublin
109,Agricultural University of Norway
116,Agricultural-Technical Academy in Olsztyn
117,Agriculture and Forestry University
119,Ahfad University for Women
129,Aichi Gakuin University
133,Aichi Prefectural University
137,Aichi University
141,Ain Shams University
147,Ajou University
154,Akita University of Economics and Law
156, Mission and  Culture
158,Aktau State University
159,Akwa Ibom State University of Technology
161,Al Ahlia University
162,Al Akhawayn University
165,Al Ghurair University
168,Al Khawarizmi International College
170,Al Madinah International University
172,Al Mansour University College
173,Al Muthanna University
180,Al-Ahliyya Amman University
183,Al-Azhar University of Gaza
188,Al-Bukhari International University
189,Al-Buraimi University College
191,Al-Farabi Kazakh National University
199,Al-Manar University
205,Al-Wataniya Private University
214,Alain University of Science and Technology
216,Albertson College of Idaho
218,Aleksander Gieysztor School of Humanities in Pultusk
222,Alfaisal University
227,Alice-Salomon-Fachhochschule fÃ¼r Sozialarbeit und SozialpÃ¤dagogik Berlin
228,Aligarh Muslim University
231,All India Institute of Medical Sciences
234, Deemed University
243,Alpha Omega University
244,Alsadrain University
247,Altai State University
249,Ama International University
251,Ambo University
252,Ambrose Alli University
254,American Coastline University
257,American College of Thessaloniki
260,American InterContinental University - London
262,American International University - Bangladesh
268, Okinawa
270,American University in Bulgaria
275,American University of Antigua
277,American University of Beirut
278,American University of Central Asia
280, Punjab Campus
282, Sulaimani (Kurdistan Region)
287,American University of Paris
291,American University of the Caribbean
297,Amherst College
298,Amirkabir College of Managmant &amp; Technology
300,Amity University
301,Amman Arab University for Higher Studies
306,Amur State University
311,Andhra University
316,Angeles University
318,Angkor University
321,Anhui Medical University
322,Anhui Normal University
324,Anhui University
325,Anhui University of Finance and Economics
327,Ankara University
328,Anna University
333,Antioch New England
339,Aomori University
343,Applied Science University
349,Arab American University - Jenin
350,Arab European University
351,Arab Open University
352,Arab Open University
355,Arab Open University
357,Arab Open University
362,Arak University of Technology
363,Araullo University
368,Aria Institute of Higher Education
370,Ariel University Center of Samaria
372,Arizona State University
373,Arizona State University West
375,Arkansas State University
379,Armenian State Agrarian University
383,Arthur C Clarke Institute of Modern Technologies
389,Asahikawa University
390,Ashesi University
392,Ashiya University
395,Ashton College
396,Asia E University
397,Asia Europe University
400,Asia University
402,Asian Management Institute
404,Asian University of Bangladesh
407,Assam University
408,Assiut University
409,Assosa University
413,Aston University
416,Astrakhan State University
417,AtatÃ¼rk University
418,Ateneo de Davao University
419,Ateneo de Manila University
429,Atilim University
432,Atyrau State University
433,Auburn University
436,Augsburg College
437,Augustana College (IL)
442,Austin College
445,Australian Correspondence Schools
446,Australian Defence Force Academy
453,Avicenna International College
458,Azabu University
461,Azerbaijan International University
464,Azerbaijan State Economic University
466,Azerbaijan Technical University
469,Azerbaijan University
480,Ilishan-Remo
481,Babes-Bolyai University of Cluj-Napoca
484,Babson College
485,Badakhshan University
487,Baghdad College of Pharmacy
492, Multan
494,Bahir Dar University
499,Baitulmal Management Institute (IPB)
500,Baker University
501,Bakht Er-Ruda University
502,Bakhtar University
504,Baku Slavic University
506,Balamand University
507,Baldwin-Wallace College
514,Balti State University &quot;Alecu Russo&quot;
516,Baltic State Technical University
518,Bamiyan University
520,Banasthali University
522,Bangabandhu Sheikh Mujibur Rahman Agricultural University
526,Bangladesh Agricultural University
530,Bangladesh University of Engineering and Technology
533,Banking University of Ho Chi Minh City
536,Baqai Medical University
537,Bar-Ilan University
540,Barkatullah University
546,Basilicata University Potenza
549,Batchelor Institute of Indigenous Tertiary Education
551,Batterjee Medical College
552,Bauchi State University
556,Bayan College for Science &amp; Technology
559,Kano
561,Baylor University
562,Baze University
566, Rangpur
569,Beijing Information Science and Technology University
571,Beijing International Studies University
576,Beijing Petroleum University
577,Beijing Polytechnic University
578,Beijing Sport University
579,Beijing Union University
582,Beijing University of Chemical Technology
583,Beijing University of Chinese Medicine and Pharmacology
585,Beijing University of Science and Technology
586,Beirut Arab University
587,Belarusian-Russian University
588,Belarussian National Technical University
594,Belarussian State Pedagogical University M. Tanka
598,Belarussian State University of Culture and Arts
599,Belarussian State University of Informatics and Radioelectronics
600,Belarussian State University of Transport
602,Belgorod State Technical University
607,Beloit College
608,Bemidji State University
610,Benadir University
611,Benedictine College
619,Benin City
621,Benue State University
624,Berea College
626,Bergische UniversitÃ¤t Gesamthochschule Wuppertal
627,Berhampur University
628,Berklee College of Music
630,Bethany College (CA)
633,Bethel College and Seminary (MN)
634,Bethlehem University
635,Beykent University
636,Bezalel Academy of Art and Design
640,Bharathidasan University
641,Bharati Vidyapeeth University
644,BiTS - Business and Information Technology School gGmbH
646,Bidhan Chandra Agricultural University
647,Bifrost School of Business
648,Biju Pattnaik University of Technology
649,Bila Cerkva State Agrarian University
650,Bilecik University
653,Bindura University of Science Education
654,Bingham University
656,Binh Duong University
660,Birjand University
662,Birkbeck College
667,Birmingham City University
670,Birsk State Pedagogical Institute
671,Birzeit University
673,Bishop's University
674,Biysk State Padagogical University after V.M. Shukshin
679,Blue Nile University
680,Bluffton College
681,Bob Jones University
689,Bost University
691,Boston Graduate School of Psychoanalysis
695,Botswana College of Agriculture
697,Bourgas Free University
709,Brandenburgische Technische UniversitÃ¤t Cottbus
711,Bratislava International School of Liberal Arts
716,Brest State University
718,Briar Cliff College
719,Brickfields Asia College
730,British University in Dubai
743,Bucknell University
744,Budapest Buddhist University
749,Buena Vista University
762,Burjat State University
765,Business School Lausanne (BSL)
766,Business and Hotel Management School
767,Busitema University
772, Lagos
773,CETYS Universidad
779, Attock
781, Lahore
783, Wah
787,Cairo University
788,Caleb University
789, Lagos
790,California Coast University
793,California Maritime Academy
801, Bakersfield
809, Fullerton
811, Hayward
812,California State University
813, Long Beach
816,California State University
818,California State University
819, Northridge
826,California State University
827, San Jose
828,California State University
832,California University of Pennsylvania
834,Camberwell College of Arts
836,Cambodian Mekong University
837,Cameron University
840,Campbellsville College
843,Can-Tho University
846,Canadian Sudanese College
847,Canakkale (h March) University
849,Cankaya University
852,Cape Peninsula University of Technology
855,Capital University of Economics and Business
856,Capital University of Medical Sciences
857,Capitol University
858,Cardiff University
860,Caribbean University
864,Carleton College
867,Carlow Institute of Technology
879,Catholic University of Korea
886,Cavendish University
890,Centenary College of Louisiana
892,Center for Entrepreneurship and Small Business Management
893,Central Academy of  Fine Art
894,Central Agricultural University
905,Central Methodist College
907,Central Mindanao University
910,Central Philippine University
914,Central Saint Martins College of Art &amp; Design
915,Central South Forestry University
916,Central South University
921, Free State
926,Centre Universitaire de Jijel
927,Centre Universitaire de Tebessa
929,Centre Universitaire de Tiaret
931,Centre d'Etudes SupÃ©rieures des Techniques Industrielles
933,Centro Escolar University
936,Centro Universitario Ixtlahuaca
942,Centro UniversitÃ¡rio Newton Paiva
946,Centro UniversitÃ¡rio de Araraquara
947,Centro UniversitÃ¡rio de JoÃ£o Pessoa
951,Centro de Estudios Universitarios Monterrey
952,Centro de Estudios Universitarios Xochicalco
953,Cevro Institut College
956,Chalmers University of Technology
957,Champlain College
963,Changchun University of Technology
977,Cheju National University
985,Chengdu University of Technology
988,Chesapeake College
992,Chiang Mai Rajabhat University
993,Chiang Mai University
994,Chiang Mai Vocational College
995,Chiba Institute of Technology
1000,China Academy of Art
1003,China Foreign Affairs University
1004,China Medical College
1005,China Medical University Shenyang
1008,China USA Business University
1011,China University of Mining Technology - Beijing
1016,Chinese People's Public Security University
1019,Chinhoyi University of Technology
1023,Chodang University
1029,Chongqing Medical University
1032,Chongqing Technology and Business University
1036,Chongqing University of Communications
1037,Chongqing University of Post and Telecommunications
1038,Chongqing University of Science and Technology
1039,Chongqing University of Technology
1041,Chongqing Wenli University
1044,Chosun University
1047,Christelijke Hogeschool Windesheim
1054,Chubu Gakuin University &amp; Chubu Women's College
1055,Chubu University
1062,Chung Hua University
1065,Chung-Ang University
1071,Chuvash State University
1073,City University
1074,City University
1075,City University
1076,City University Athens
1077,City University College of Science and Technology
1078,City University Programs in Bulgaria
1079,City University of Hong Kong
1086,Clarke College
1092,Coastal Carolina University
1093,Cochin University of Science and Technology
1100,College in SlÃ¡dkoviÄovo
1104,College of Computer Science in Lodz
1107,College of Education Ikere
1111,College of New Caledonia
1113,College of Saint Benedict
1117, Baghdad University
1118,College of St. Francis
1122,College of Technology at Jazan
1124,College of Technology at Kharj
1125,College of Technology at Riyadh
1127,College of William and Mary
1130,College of the Holy Spirit
1133,CollÃ¨ge BorÃ©al
1135,Colorado Christian University
1136,Colorado College
1137,Colorado School of Mines
1138,Colorado State University
1140,Columbia College Chicago
1144,Columbus University
1148,Comrat State University
1152,Concordia College-St. Paul
1153,Concordia University
1160,Conservatorio del Tolima
1166,Coppin State College
1171,CorporaciÃ³n Universitaria TecnolÃ³gica de Bolivar
1182,Crescent University
1183,Crimea State Medical University
1184,Cross River State University of Science &Technology
1186,Cubidor University Switzerland
1188,Cumhuriyet (Republik) University
1189,Curry College
1196,Cyprus International University
1200,Czech University of Agriculture Prague
1205,Dadabhoy Institute of Higher Education
1206,Daebul University
1207,Daemen College
1208,Daffodil International University
1209,Dagestan State University
1210,Dai Ichi University
1212,Daido Institute of Technology
1213,Daiichi College of Pharmaceutical Sciences
1214,Daiichi University of Economics
1219,Dalarna University College
1220,Dalhousie University
1221,Dalian Martime University
1223,Dalian University
1224,Dalian University of Foreign Language
1227,Damanhour University
1228,Damascus University
1232,Dana College
1234,Daneshestan Institute of Higher Education
1235,Daniel Webster College
1241,Dares Salaam Institute of Technology
1248,Darul Takzim Institute of Technology
1249,Darul Ulum Islamic College
1251,Dav University
1262,De La Salle University
1263, Araneta
1264,De Montfort University Leicester
1266,DePauw University
1267,DeVry Institute of Technology
1268,DeVry Institute of Technology
1271,Deakin University
1272,Debre Birhan University
1273,Debre Markos University
1274,Debrecen University of Agricultural Sciences
1277,Dedan Kimathi University of Technology
1283,Delta State University
1296,Dhofar University
1297,Dhurakijpundit University
1300,Dickinson College
1302,Dicle (Tirgris) University
1305,Dillard University
1308,DirecciÃ³n General de Institutos TecnolÃ³gicos
1311,Diyala University
1314,Dnepropetrovsk National University of Railway Transport
1316,Doho University
1317,Dohto University
1319,Dokkyo University School of Medicine
1320,Dokuz EylÃ¼l University
1321,Dominica State College
1322,Dominican College
1323,Dominican College of Philosophy and Theology
1328,Donetsk National Technical University
1334,Dongbei University of Finance And Economics
1336,Dongguk University
1337,Donghua University
1341,Dordt College
1342,Doshisha University
1343,Doshisha Women's College of Liberal Arts
1344,Douglas College
1345,Dow University of Health Sciences
1357,Dr. YS Parmar University of Horticulture and Forestry
1359,Dravidian University
1361,Drexel University
1362,Drury College
1364,Duale Hochschule Baden-WÃ¼rttemberg
1366,Dubai Pharmacy College
1371, Society and Man
1372,Duke University
1375,Dunya Institute of Higher Education
1377,Durban Institute of Technology
1380,Dutch University Institute for Art History (DUIA)
1383,ECAM - Institut SupÃ©rieur Industriel
1385,EMESCAM - Escola Superior de CiÃªncias da Santa Casa de MisericÃ³rdia de VitÃ³ria
1388,EVTEK University of Applied Sciences
1389,Earlham College
1391,East Carolina University
1394,East China Normal University
1398,East Kazakstan State Technical University
1399,East Somalia University
1402,East Texas State University
1404,East West University
1405,East-Siberian State Institute of Culture
1416,Eastern Michigan University
1421,Eastern Washington University
1422,Eberhard-Karls-UniversitÃ¤t TÃ¼bingen
1439,Ecole Nationale SupÃ©rieur de GÃ©ologie de Nancy
1443,Ecole Nationale SupÃ©rieure Agronomique de Toulouse
1446,Ecole Nationale SupÃ©rieure d'Agronomie de Rennes
1447,Ecole Nationale SupÃ©rieure d'Agronomie et des Industries Alimentaires
1450,Ecole Nationale SupÃ©rieure d'Electronique et de Radioelectricite de Bordeaux
1451,Ecole Nationale SupÃ©rieure d'Electronique et de Radioelectricite de Grenoble
1453, d'Electrotechnique
1455,Ecole Nationale SupÃ©rieure d'Hydraulique et de MÃ©canique de Grenoble
1457,Ecole Nationale SupÃ©rieure d'IngÃ©nieurs de GÃ©nie Chimique
1460,Ecole Nationale SupÃ©rieure de Chimie de Clermont-Ferrand
1461,Ecole Nationale SupÃ©rieure de Chimie de Lille
1465,Ecole Nationale SupÃ©rieure de Chimie de Rennes
1467,Ecole Nationale SupÃ©rieure de Chimie et de Physique de Bordeaux
1470,Ecole Nationale SupÃ©rieure de Physique de Strasbourg
1471,Ecole Nationale SupÃ©rieure de Techniques AvancÃ©es
1474,Ecole Nationale SupÃ©rieure des Arts et Industries Textiles
1477,Ecole Nationale SupÃ©rieure des Industries Textiles de Mulhouse
1479,Ecole Nationale SupÃ©rieure des Mines de Douai
1480,Ecole Nationale SupÃ©rieure des Mines de Nancy
1487, Electronique
1495,Ecole Nationale d'IngÃ©nieurs de Metz
1500,Ecole Nationale d'IngÃ©nieurs des Travaux Agricoles de Clermont-Ferrand
1501,Ecole Nationale de l'Aviation Civile
1514,Ecole Polytechnique Marseille
1515,Ecole Polytechnique Universitaire de Lille
1518,Ecole Superieur d'Ingenieurs Leonard de Vinci
1523,Ecole SupÃ©rieure d'Agriculture de Purpan
1524,Ecole SupÃ©rieure d'ElectricitÃ©
1525,Ecole SupÃ©rieure d'Electronique de l'Ouest
1528,Ecole SupÃ©rieure d'IngÃ©nieurs de Marseille
1532,Ecole SupÃ©rieure d'Optique
1533,Ecole SupÃ©rieure de Chimie Organique et MinÃ©rale
1534,Ecole SupÃ©rieure de Chimie Physique Electronique de Lyon
1538,Ecole SupÃ©rieure de Commerce de Dijon
1539,Ecole SupÃ©rieure de Commerce de Grenoble
1540,Ecole SupÃ©rieure de Commerce de Le Havre/Caen
1544,Ecole SupÃ©rieure de Commerce de Nantes-Atlantique
1545,Ecole SupÃ©rieure de Commerce de Paris
1546,Ecole SupÃ©rieure de Commerce de Pau
1552,Ecole SupÃ©rieure de Commerce et des Affaires
1553,Ecole SupÃ©rieure de Physique et de Chimie Industrielles
1555,Ecole SupÃ©rieure des Sciences Economiques et Commerciales
1558,Ecole Universitaire d'IngÃ©nieurs de Lille
1560,Ecole d'IngÃ©nieurs en Informatique pour l'Industrie
1561,Ecole de l'Air
1562,Ecole des Hautes Etudes Commerciales
1563,Ecole des Hautes Etudes Commerciales MAROC
1572,Edogawa University
1573,Eelo American University
1575,Ege University
1579,Eiilm University
1583,El Shorouk Academy
1586,Elizabethtown College
1589,Elmergib University
1590,Elmhurst College
1594,Embry-Riddle Aeronautical University
1596,Embry-Riddle Aeronautical University
1597, Florida
1605,Engineering College of Aarhus
1607,Engineering Faculty of Asian University
1610,Epoka University
1611,Erasmus University Rotterdam
1613,Erciyes University
1615,Ernst-Moritz-Arndt UniversitÃ¤t Greifswald
1618,Escola Superior de Hotelaria e Turismo do Estoril
1628,Escuela Superior PolitÃ©cnica del Litoral
1630,Escuela Superiore de AdministraciÃ³n PÃºblica
1632,Escuela de Arquitectura y DiseÃ±o
1633,Escuela de IngenierÃ­a de Antioquia
1638,Estonian Academy of Security Sciences
1643,Etisalat University College
1645,Eurasian Institute of market
1646,Europa Fachhochschule Fresenius
1647,Europa-UniversitÃ¤t Viadrina Frankfurt (Oder)
1648,European Academy of Arts in Warsaw
1650,European Business School SchloÃŸ Reichartshausen
1652,European College of Liberal Arts
1655,European Humanities University
1665,European University
1671,European University of Lefke
1675,EuropÃ¤ische Fachhochschule
1678,Evangelische Fachhochschule Berlin
1682, Hochschule fÃ¼r Soziale Arbeit
1683, Diakonie und ReligionspÃ¤dagogik
1687,Evangelische Fachhochschule Reutlingen-Ludwigsburg
1690,Evangelische Fachhochschule Rheinland-Westfalen-Lippe
1695,Evangelische Theologische Faculteit
1696, Leuven
1703,FON University
1714,Fachhochschule Bonn-Rhein-Sieg
1716,Fachhochschule Braunschweig/WolfenbÃ¼ttel
1718,Fachhochschule Deggendorf
1719,Fachhochschule Dortmund
1720,Fachhochschule DÃ¼sseldorf
1726, Hochschule fÃ¼r Technik und Wirtschaft
1728,Fachhochschule GieÃŸen-Friedberg
1733, Hochschule fÃ¼r Technik und Wirtschaft
1738,Fachhochschule JOANNEUM
1742, Hochschule fÃ¼r Technik
1746,Fachhochschule Koblenz
1756,Fachhochschule Lausitz
1757,Fachhochschule Lippe
1762,Fachhochschule Mannheim
1764,Fachhochschule Mannheim
1768,Fachhochschule MÃ¼nster
1771,Fachhochschule Niederrhein
1772,Fachhochschule Nordhausen
1789,Fachhochschule Reutlingen
1793,Fachhochschule Rottenburg
1794, Hochschule fÃ¼r Forstwirtschaft
1796,Fachhochschule Schmalkalden
1798, Hochschule fÃ¼r Gestaltung
1799,Fachhochschule SchwÃ¤bisch Hall
1800, Hochschule fÃ¼r Gestaltung
1807,Fachhochschule Trier
1809, Wirtschaft und Gestaltung
1810,Fachhochschule Ulm
1811, Hochschule fÃ¼r Technik
1813,Fachhochschule Wedel
1821,Fachhochschule der Wirtschaft
1823,Fachhochschule fÃ¼r Bank- und Finanzwirtschaft
1831, Prof.Dr. GrÃ¼bler gemein. GmbH
1833,FachhochschulstudiengÃ¤nge Krems IMC
1834,FachhochschulstudiengÃ¤nge Steyr
1836,FachhochschulstudiengÃ¤nge der Wiener Wirtschaft
1838,Faculdade Italo Brasileira
1840,Faculdades Integradas Toledo
1843,FacultÃ© Polytechnique de Mons
1847,FacultÃ©s Universitaires Saint-Louis
1848,Fahad Bin Sultan University
1855,Far Eastern State Technical University
1862,Fayetteville State University
1865,Federal College Of Education (Technical)
1869, Owerri
1870,Federal University Gashua
1871,Federal University of Petroleum Resources
1876, Minna.
1878, Owerri
1882, Dutse
1888, Kashere
1890,Federal University
1891, Lafia
1892, Nasarawa State
1895, Kogi State
1902,Federal University
1903, Oye-Ekiti
1904, Ekiti State
1906, Wukari
1910,Federal University
1920,Ferris University
1922,Fiji National University
1925,Fine Arts Academy &quot;Jan Matejko&quot; in Cracow
1935,First Nations University of Canada
1937,Fitchburg State College
1945,Florida State University
1949,Fontbonne College
1950,Fontys University of Applied Sciences
1953,Forest Research Institute Dehradun
1963,Franklin College Switzerland
1965,Franklin University
1971,Free University Amsterdam
1973,Free University Stockholm
1982,Friends University
1986,Fuji University
1991,Fujian University of Traditional Chinese Medicine
1992,Fujita Health University
1993,Fukui Medical School
2000,Fukuoka Prefectural University
2002,Fukuoka University of Education
2006,Fukuyama Heisei University
2007,Fukuyama University
2010,FundaciÃ³n Universitaria Luis AmigÃ³
2015,FundaÃ§Ã£o Educacional de Ituverava
2019,Fuzhou University
2021,GMI Engineering and Management Institute
2023,Gakushuin University
2025,Galillee College
2030,Gandhigram Rural Institute
2033,Gannon University
2034,Gansu Agricultural University
2035,Gansu University of Technology
2036,Gauhati University
2039,Gaziosmanpasa University
2048,Georg-Simon-Ohm-Fachhochschule NÃ¼rnberg
2049,George Brown College
2051,George Mason University
2052,George Washington University
2053,Georgetown University
2061,Georgian Technical University
2063,German University in Cairo
2071,Gift University
2075,Gifu University
2078,Girne American University
2085,Global University
2090,Gokhale Institute of Politics and Economics
2091,Golden Gate University
2097,Gomal University
2102,Gomel State University Francisk Scarnia
2104,Gondar University
2109,Gotland University College
2117,Graduate School of Business Administration Zurich (GSBA Zurich)
2123,Greenford International University
2136,Grodno State University Yanka Kupaly
2141,Guangdong Radio &amp; TV University
2145,Guangxi Normal University
2149,Guangzhou Academy of Fine Art
2153,Gubkin Russian State University of Oil and Gas
2157,Guizhou Normal University
2167,Gunma Prefectural Women's University
2169,Guru Ghasidas University
2171,Guru Jambeshwar University
2172,Guru Nanak Dev University
2173,Gurukul University
2175,Gustav-Siewerth-Akademie
2176,Gustavus Adolphus College
2190,Hajee Mohammad Danesh Science and Technology University
2193,Hakuoh University
2194,Halic University
2195,Hallym University
2197,Hamadan University of Medical Sciences
2198,Hamamatsu University
2205,Hampshire College
2207,Hanazono University
2208,Handelshochschule Leipzig
2209,Hankuk Aviation University
2219,Hanoi University of Architecture
2224,Hanover College
2225,Hansei University
2230,Hanze University Groningen
2234,Harbin Institute of Technology
2237,Harbin University of Civil Engineering &amp; Architecture
2239,Harding University
2242,Harran University
2250,Hatyai University
2254,Hawler Medical University
2260,Hebei Medical University
2263,Hebei University
2264,Hebei University of Economics and Trade
2265,Hebei University of Science and Technology
2268,Hebron University
2269,Hefei University of Technology
2271,Heidelberg College
2274,Heilongjiang University
2276,Heisei International University
2278,Hellenic Open University
2282,Helwan University
2283,Hemchandracharay North Gujarat University
2290,Herat University
2292,Hertie School of Governance
2293,Herzen State Pedagogical University of Russia
2295,Heythrop College
2299,Higashi Nippon International University
2301,High Point University
2304,Higher Institute of Business Administration
2306,Higher School o Business/National Louis University(WSB/NLU) in Nowy Sacz
2308,Higher School of Psychology
2311,Hiiraan University
2315,Himachal Pradesh University
2324,Hiroshima International University
2325,Hiroshima Jogakuin University
2330,Hiroshima University of Economics
2334,Ho Chi Minh City Open University
2336,Ho Chi Minh City University of Architecture
2339,Ho Chi Minh City University of Law
2344,Ho Chi Minh City University of Technology
2346,Ho Polytechnic
2348,Hochschule Albstadt-Sigmaringen
2353,Hochschule Coburg
2355,Hochschule Esslingen
2357,Hochschule Harz
2362,Hochschule Wismar
2368,Hochschule fÃ¼r BerufstÃ¤tige Rendsburg
2376,Hochschule fÃ¼r Technik
2379,Hofstra University
2387,Hogeschool van Amsterdam
2397,Hokkaido University
2399,Hokkaido University of Health Sciences
2401,Hokkaigakuen University of Kitami
2402,Hokuriku University
2403,Hokusei Gakuen University
2406,Holmes Institute
2407,Holy Angel University
2413,Hong Kong Institute of Education
2414,Hong Kong Polytechnic University
2420,Hope College
2421,Hormozgan University of Medical Sciences
2423,Hoseo University
2424,Hoshi University
2426,Houdegbe North American University Benin
2429,Huachiew Chalermprakiet University
2433,Huaihua Radio and Television University
2434,Huaihua University
2436,Huaqiao University Quanzhuo
2437,Huazhong Agricultural University
2441,Hue University
2443,Huizhou University
2444,Humber College
2448,Hunan Normal University
2457,Huron University USA in London
2463,Hyupsung University
2465,I.M. Sechenov Moscow Medical Academy
2467,IBAIS University
2474,IT University of Copenhagen
2476,Iasar University
2477,Ibaraki Christian College
2479,Ibaraki University
2481,Ibn Sina University
2483,Ibrahim Badamasi Babangida University
2488,Igbinedion University Okada
2492,Ilam University of Medical Sciences
2502,Imo State University
2504,Imperial College London
2508,Inchon University
2509,Independent University
2510, Bangladesh
2512,Indian Board of Alternative Medicine
2517,Indian Institute of Science
2528,Indian Institute of Technology
2530,Indian Institute of Technology
2531, Madras
2534,Indian Institute of Technology
2537,Indian School of Business Management and Administration
2538,Indian School of Mines (ISM)
2541,Indian Veterinary Research Institute
2543,Indiana State University
2548,Indiana University of Pennsylvania
2549,Indiana University/Purdue University at Columbus
2555,Indira Gandhi Institute of Development and Research
2559,Information and Communications Technology Academy
2561,Inha University
2573, University of London
2574,Institue of Technology
2576,Institut Armand-Frappier
2584,Institut National Polytechnique de Lorraine
2589,Institut National des Postes et TÃ©lÃ©communications
2590,Institut National des Sciences AppliquÃ©es de Lyon
2594,Institut National des TÃ©lÃ©communications
2601,Institut SupÃ©rieur de Commerce et d'Administration des Entreprises
2602,Institut SupÃ©rieur de Gestion de Tunis
2612,Institut d'Agriculture
2614,Institut d'Etudes Politiques de Bordeaux
2616,Institut de Recherche et d'Enseignement SupÃ©rieur aux Techniques de l'Ã©lectronique
2618,Institut des Sciences de l'IngÃ©nieur de Clermont-Ferrand
2621,Institut des hautes Ã©tudes Ã©conomiques et commerciales
2622,Institute Of Technology
2623, Australia
2624,Institute for Advanced Studies Lucca
2638,Institute of Commonwealth Studies
2642,Institute of Finance
2643,Institute of Finance Management
2644,Institute of Germanic Studies
2646,Institute of Industrial Electronics Engineering
2648,Institute of Latin American Studies
2650,Institute of Management &amp; Enteurpreneurship of South East Europe
2651,Institute of Management Development - Ohrid
2654,Institute of Management Sciences
2658,Institute of Management and Economy
2664, Batu Lintang
2667,Institute of Teachers Education
2671,Institute of Teachers Education
2679,Institute of Teachers Education
2680, Kota Bharu
2681,Institute of Teachers Education
2682, Malay Language
2693,Institute of Teachers Education
2708, Tengku Ampuan Afzan
2715,Instituto Nacional de EducaciÃ³n FÃ­sica &quot;General Manuel Belgrano&quot;
2721, Campus Guanajuato
2727,Instituto PolitÃ©cnico de Leiria
2728,Instituto PolitÃ©cnico de Lisboa
2729,Instituto PolitÃ©cnico de Portalegre
2731,Instituto PolitÃ©cnico de SetÃºbal
2733,Instituto PolitÃ©cnico de Viana do Castelo
2734,Instituto PolitÃ©cnico do CÃ¡vado e do Ave
2736,Instituto Superior D. Afonso III - INUAF
2741,Instituto Superior PolitÃ©cnico e UniversitÃ¡rio
2744,Instituto Superior de CiÃªncias Empresariais e de Turismo
2747,Instituto Superior de Entre Douro e Vouga
2749,Instituto Superior de InformÃ¡tica e GestÃ£o
2751,Instituto Superior de PaÃ§os de BrandÃ£o
2758,Instituto Tecnologico de Minatitlan
2761,Instituto TecnolÃ³gico de AeronÃ¡utica
2769,Instituto TecnolÃ³gico de San Luis PotosÃ­
2770,Instituto TecnolÃ³gico de Santo Domingo
2774,Instituto Universitario AeronÃ¡utico
2777,Instituto Universitario de Ciencias de la Salud - Buenos Aires
2779,Instituto Universitario de La Paz
2780,Instituto Universitario de la Policia Federal
2781,Instituto de Artes Visuais
2782, Design e Marketing - IADE
2783,Instituto de EnseÃ±anza Superior Oteima
2784,Instituto de EnseÃ±anza Superior del EjÃ©rcito
2786,Instituts SupÃ©rieurs de Formation des MaÃ®tres
2788,Integral University
2800,International Business School of Scandinavia
2801,International Business University of Beijing
2807,International Culinary Institute (ICI)
2811,International Higher School for Advanced Studies Trieste
2812,International Hotel Management Institute
2813,International Institute for Geo - Information Science and Earth Observation
2818,International Islamic University
2821,International Kazakh-Turkish University
2823,International Medical University
2826,International School of Business Management
2828,International School of Management ISM Dortmund
2835,International University
2841,International University for Graduate Studies
2843,International University in Geneva
2850, St. Petersburg
2864,InÃ¶nÃ¼ University
2871,Iranian Academy of Persian Language and Literature
2872,Iraq University College
2874,Irish International University (Distance Education)
2875,Irish University Business School
2881,Isfahan University
2882,Isfahan University of Medical Sciences
2886,Isik University
2890,Islamic Azad University
2897, Bandar Abbas
2899, Bojnourd
2900,Islamic Azad University
2902,Islamic Azad University
2910,Islamic Azad University
2911, Fars Science &amp; Research Branch
2918,Islamic Azad University
2927, Khorasgan
2929, Lahijan
2942,Islamic Azad University
2943, Najaf Abad
2945, North Tehran
2946,Islamic Azad University
2948,Islamic Azad University
2953, Quchan
2955, Region One
2958,Islamic Azad University
2959, Sanandaj
2969, Shahrood
2974,Islamic Azad University
2977, Sowmesara
2980,Islamic Azad University
2988,Islamic Azad University
2989, Varamin
2993,Islamic University College
2995,Islamic University in Uganda
2998,Islamic University of Rotterdam
2999,Islamic University of Technology
3000,Isra University
3001,Istanbul Arel University
3003,Istanbul Kultur University
3006,Istanbul University
3011,Ivano-Frankivsk National University of Oli and Gas
3012,Ivanovo State Academy of Medicine
3017,Iwaki Meisei University
3019,Iwate Prefectural University
3021,Izhevsk State Technical University
3024,Jackson State University
3029,Jadavpur University
3031,Jagiellonian University Cracow
3034,Jai Narain Vyas University
3038,Jalalabad State University Kyrgyzstan
3041,Jamestown College
3042,Jami Institute of Technology
3044,Jamia Millia Islamia University
3047,Japan Advanced Institute of Science and Technology
3054,Jawaharlal Nehru Centre for Advanced  Scientific Research
3055,Jawaharlal Nehru Technological University
3056,Jawaharlal Nehru University
3058,Jaypee Institute of Information Technology
3063,Jewish University in Moscow
3065,Jiangxi Agricultural University
3068,Jiangxi University of Traditional Chinese Medicine
3074,Jilin Agricultural University
3075,Jilin University
3076,Jilin University of Technology
3077,Jimei University
3080,Jinan University
3082,Jinnah University for Women
3086,Jobu University
3087,Jodhpur National University
3088,Joetsu University of Education
3089,Johann Wolfgang Goethe UniversitÃ¤t Frankfurt am Main
3091,John Brown University
3094,Johns Hopkins University
3095,Johns Hopkins University
3098,Johnson Bible College
3099,Johnson C. Smith University
3100,Johore Bharu Primeir Polytechnic
3107,Joseph Ayo Babalola University
3108, Ikeji-Arakeji
3110,Jubail University College
3113,Juniata College
3115,Justus Liebig UniversitÃ¤t GieÃŸen
3117,JÃ³zef Tyszkiewicz College of Business and Computer Science in Bielsko-Biala
3122,KBU International College
3127,Kabardino-Balkarian State University
3128,Kaboora Institute of Higher Education
3130,Kabul Health Sciences Institute
3131,Kabul Medical University
3134,Kaduna State University
3135, Kaduna
3136,Kafkas University
3137,Kafr El-Sheikh University
3141,Kagoshima Immaculate Heart University
3142,Kagoshima University
3143,Kagoshima Women's College
3144,Kahramanmaras SÃ¼tcÃ¼ Imam University
3147,Kalinga University
3150,Kalmyk State University
3156,Kampala International University
3157,Kampala University
3159,Kanagawa Institute of Technology
3161,Kanazawa College of Art
3164,Kanazawa Institute of Technology
3165,Kanazawa Medical University
3167,Kanda University of International Studies
3170,Kangnung National University
3177,Kansai Gaidai University
3179,Kansai University
3181,Kansai University of Social Welfare
3186,Kaohsiung Medical College
3188,Kar University
3194,Karaganda State Buketov University
3205,Karnataka State Open University
3206,Karolinska Institute Stockholm
3207,Karpagam University
3213,Kashan University of Medical Sciences
3217,Katholieke Hogeschool Kempen
3220,Katholieke Universiteit Brussel
3224,Katholisch-Theologische PrivatuniversitÃ¤t Linz
3232,Katholische Hochschule fÃ¼r Soziale Arbeit SaarbrÃ¼cken
3234,Katholische UniversitÃ¤t EichstÃ¤tt
3240,Kawasaki Medical School
3241,Kawasaki University of Medical Care
3244,Kazak National Technical University
3254,Kazan State University
3255,Kazan State University of Medicine
3263,Keimyung University
3265,Keisen Jogaku-en College
3267,Kemerovo State University
3270,Kenya Medical Training College
3273,Kenyon College
3276,Kerbala University
3278,Kerman University of Medical Sciences
3280,Khabarovsk State Academy of Economics and Law
3281,Khabarovsk State University of Technology
3283,Khalifa University of Science
3288,Kharkiv National University of Radio Electronics
3293,Kherson State University
3298,Khulna University of Engineering And Technology
3302,Kiev National University of Construction and Architecture
3303,Kiev School Of Economics
3304,Kiev Slavonic University
3305,Kigali Health Institute
3307,Kigali Institute of Education
3312,King Abdullah University of Science and Technology
3313,King Fahad University of Petroleum and Minerals
3318,King Mongkut's University of Technology North Bangkok
3321,King Saud bin Abdulaziz University for Health Sciences
3324,King's College London
3326,King's University College
3327,Kingston College
3330,Kinki University
3333,Kirikkale University
3334,Kiriri Womens University of Science and Technology
3336,Kitakyushu University
3339,Klaipeda University
3344,Kobe City University of ForeignStudies
3345,Kobe Design University
3347,Kobe International University
3351,Kobe Shoin Women's University
3352,Kobe University
3353,Kobe University of Mercantile Marine
3354,Kobe Women's University
3360,Kochi Women's University
3363,Kogakkan University
3366,Kohat University of Science and Technology  (KUST)
3376,Konan University
3386,Korea National Open University
3388,Korea National University of Education
3389,Korea National University of Physical Education
3390,Korea University
3393,Koshien University
3398,Kota Bharu Polytechnic
3404,Krirk University
3410,Kuban State University of Agriculture
3411,Kuban State University of Technology
3412,Kuching Polytechnic
3419,Kumoh National University of Technology
3422,Kunitachi College of Music
3424,Kunsan National University
3430,Kurdistan University of Medical Sciences
3431,Kure University
3434,Kursk State Technical University
3440,Kutztown University of Pennsylvania
3441,Kuvempu University
3446,Kwame Nkrumah University of Science and Technology
3448,Kwangju National University of Education
3450,Kwangwoon University
3451,Kwansei Gakuin University
3452,Kwantleen University College
3460,Kyonggi University
3462,Kyorin University
3463,Kyoritsu Pharmaceutical University
3465,Kyoto Bunkyo University
3466,Kyoto City University of Arts
3468,Kyoto Institute of Technology
3471,Kyoto Prefectural University of Medicine
3472,Kyoto Sangyo University
3473,Kyoto Seika University
3474,Kyoto Tachibana Women's University
3476,Kyoto University of Art and Design
3484,Kyrgyz State University of Construction
3485, Transportation and Architecture
3486,Kyrgyz Turkish  Manas University
3490,Kyungpook National University
3495,Kyushu Institute of Technology
3496,Kyushu International University
3505,L.D.College of Engineering
3507,LICCSAL Business College
3508,LSB College
3509,La Salle Universities - International Programmes
3510,La Sierra University
3512,LaGrange College
3515, Ogbomoso
3516,Lafayette College
3521,Lahore College for Women University
3523,Lahti Polytechnic
3524,Laikipia University
3528,Lakshmibai National Institute of Physical Education
3529,Lalit Narayan Mithila University
3531,Lampang College of Commerce and Technology
3534,Lamphun College of Agriculture and Technology
3537,Langara College
3538,Langston University
3539,Lankaran State University
3540,Lansbridge University
3543,Latvian Academy of Arts
3549,Laurentian University of Sudbury
3550,Lausanne Hotel School (EHL)
3551,Law University of Bratislava
3556,LeTourneau University
3560,Lebanese American University
3571,Les Roches GruyÃ¨re University of Applied Sciences
3572,Les Roches International School of Hotel Management
3576,Leyte Normal University
3577,Leyte State University
3583,Libera UniversitÃ  degli Studi di Scienze Umane e Tecnologiche
3587,Liceo de Cagayan University
3593,Linfield College
3596,Linguistic University of Nizhny Novgorod
3599,Linton University College
3607,Liverpool Hope University College
3608,Liverpool John Moores University
3612,London Business School
3617,London School of Business &amp; Finance
3620,London School of Hygiene &amp; Tropical Medicine
3623,Long Island University
3625,Loras College
3626,Lorestan University
3627,Lorestan University of Medical Sciences
3628,Loughborough University
3629,Louisiana College
3630,Louisiana State University
3632,Louisiana Tech University
3638,Ludwig-Maximilians-UniversitÃ¤t MÃ¼nchen
3641,Luhansk Taras Shevchenko National Pedagogical University
3642,Lulea University of Technology
3643,Lumbini Buddhist University
3645,LungHwa University of Science and Technology
3653,Luzhou Medical College
3658,Lyceum of the Philippines University
3659,Lycoming College
3666,MacEwan University
3670,Madawalabu University
3672,Madhya Pradesh Bhoj (Open) University
3675,Madurai Kamaraj University
3676,Mae Fah Luang University
3680,Mahachulalongkorn Buddhist University
3681,Mahamakut Buddhist University
3686,Maharishi Dayanand University
3687, Rohtak (Haryana )
3690,Mahasarakham University
3691,Mahatma Gandhi Chitrakut Gramoday University
3692,Mahatma Gandhi Kashi Vidyapith
3694, Kerala
3702,Makanlal Chutur Vedi University
3703,Makerere University
3704,Makhanlal Chaturvedi National University of Journalism and Communication
3705,Malaspina University College
3706,Malayer University
3709,Malekan Payame Nour University
3714,Mamoun Private University for Science and Technology
3718,Manarat International University
3725,Manipur University
3730,Manuel L. Quezon University
3731,Manuel S. Enverga University Foundation
3739,Marietta College
3751,Mary Washington College
3754,Marymount University
3755,Masaryk University
3763,Matn University
3765,Matsusaka University
3767,Mawlana Bhashani Science And Technology University
3768,Maxim Gorky Institute of Literature
3771,Mazandaran University of Science &amp; Technology
3772,Mbarara University of Science and Technology
3776,McNeese State University
3777,Mcpherson University
3782,Medical Academy in Lodz
3786,Medical Academy of Latvia
3787,Medical Academy Â“Karol MarcinkowskiÂ” in Poznan
3791,Medical Faculty
3793,Medical University Pleven
3794,Medical University Plovdiv
3795,Medical University Varna
3796,Medical University of Sofia
3799,Medizinische UniversitÃ¤t Innsbruck
3805,Meiji College of Pharmacy
3806,Meiji Gakuin University
3815,Mekelle University
3816,Melaka City Polytechnic
3819,Mendel University of Agriculture and Forestry
3829,Merz Akademie
3832,Metropolitan State College of Denver
3837,Miami University of Ohio
3838,Michael Okpara Uni. of Agric.
3840,Michigan State University
3843,Mid-Sweden University
3844,Middle East Technical University
3845,Middle East University
3846,Middle Georgia College
3852,Mie University
3853,Military Institute of Science and Technology
3855,Military University Shoumen
3865,Mindanao State University
3869,Minia University
3871,Minot State University
3878,Misr University for Sience and Technology
3882,Missouri Southern State College
3883,Missouri Western State College
3889,Miyazaki Prefectural Nursing University
3890,Miyazaki University
3891,Mizan Tepi University
3893,Modern Institute of Managament
3897,Modibbo Adama University of Technology
3904, Karachi
3905,Mohan Lal Sukhadia University
3908,Mokpo National Maritime University
3912,Moldova Cooperative Trade University
3915,Moldova State University of Medicine and Pharmacy &quot;N. Testemitsanu&quot;
3916,Moldova Technical University
3920, Malaysia Campus
3925,Mongolian State University of Education
3928,Monmouth University
3929,Montana State University-Billings
3931,Montana State University-Northern
3933,MontanuniversitÃ¤t Leoben
3934,Montclair State University
3938,Moravian College
3939,Mordovian State University
3941,Morioka College
3943,Moscow Institute of Physics and Technology
3946,Moscow Power Engineering Institute (Technical University)
3952, Electronics and Automation (Technical University)
3957,Moscow State University M.V. Lomonosov
3958,Moscow State University of Civil Engineering
3959,Moscow State University of Commerce
3960,Moscow State University of Culture
3971,Moshi University College of Cooperative and Business Studies
3972,Moshuud Abiola Polytechnic
3974,Mother Teresa Women's University
3980,Mount Meru University
3981,Mount Royal College
3982,Mount Saint Joseph College
3983,Mount Saint Mary College
3986,Mount Union College
3992,Mugla University
3994,Mukogawa Women's University
3997,Mulungushi University
3998,Murdoch University
4000,Murni Nursing College
4003,Musashi Institute of Technology
4008,Muscat College
4009,Music Academy &quot;Felix Nowowiejski&quot; in Bydgoszcz
4010,Music Academy &quot;Fryderyk Chopin&quot; in Warszaw
4016,Music Academy in Lodz
4021,Muthesius-Hochschule
4026,Myongji University
4029,MÃ¤lardalen University
4033,NED University of Engineering and Technology Karachi
4036, and Law
4039,Nagaland University
4040,Nagano University
4041,Nagaoka University of Technology
4042,Nagasaki Institute of Applied Science
4053,Nagoya University of Foreign Studies
4054,Nagoya Women's University
4055,Nagpur University
4056,Naif Arab University for Security Sciences
4058,Nairobi Technical Training Institute
4060,Najran University
4061,Nakamura Gakuen University
4066,Nanchang University
4068,Nanhua University
4070,Nanjing Forestry University
4073,Nanjing Normal University
4074,Nanjing Union Theological Seminary
4075,Nanjing University
4077,Nanjing University of Chemical Technology
4081,Nanjing University of Traditional Chinese Medicine
4087,Nara Sangyo University
4088,Nara University
4092,Narendra Deva University of Agriculture and Technology
4098,National Academy for Physical Education and Sports Bucharest
4100,National Academy of Arts
4101,National Academy of Fine Arts
4104,National Agricultural University
4109,National Cheng Kung University
4112,National Chiao Tung University
4114,National Chung Cheng University
4121,National College of Arts
4123,National College of Physical Education and Sports
4126,National Defence Medical College
4130,National Formosa University
4132,National Hualien Teachers College
4134,National Institute of Development Administration
4139,National Institute of Technology Kurukshetra
4141, Durgapur
4144,National Institute of Technology
4145, Rourkela
4146,National Institute of Technology
4148,National Institute of Technology
4149, Warangal
4152,National Kaohsiung Normal University
4156,National Metallurgical Academy of Ukraine
4158,National Mining University
4159,National Museum Institute of History of Art
4164,National Pedagogical University M. Dragomanov
4169,National Ribat University
4170,National Sanskrit University
4176,National Taipei College of Nursing
4177,National Taipei Teachers College
4178,National Taipei University
4179,National Taipei University of Technology
4182,National Taiwan College of Physical Education and Sports
4185,National Taiwan Ocean University
4186,National Taiwan University
4187,National Taiwan University of Science and Technology
4189,National Technical University (Kharkiv Polytechnical Institute)
4190,National Technical University (Kiev Politechnical Institute)
4195,National United University
4196,National University
4197,National University
4198,National University
4206, Galway
4207,National University of Ireland
4211,National University of Laos
4212,National University of Lesotho
4214,National University of Modern Languages
4219,National University of Science and Technology
4223,National University of Theater and Film Arts
4224,National University of Uzbekistan
4225,National Yang Ming Medical College
4232,Ndejje University
4238,Nelson Mandela Metropolitan University
4242,New Bulgarian University
4243,New College of California
4246, Science &amp; Technology
4248,New Hampshire College
4249,New Jersey Institute of Technology
4251,New Mexico Institute of Mining &amp; Technology
4252,New Mexico State University
4253,New World University
4255,New York Institute of Technology
4257,New York University
4258,New York University
4260,Newberry College
4262, Medicine Malaysia
4263,Newport International University
4264,Newports Institute of Communication &amp; Economics
4265,Niagara University
4270,Niger Delta Unversity
4272,Nigeria Police Academy Wudil
4279,Niigata College of Pharmacy
4282,Niigata University of International and Information Studies
4290,Ningxia University
4297,Nippon Veterinary and Animalscience University
4300,Nishinippon Institute of Technology
4301,Nisho Gakusha University
4303,Nizam's Institute of Medical Sciences
4305,Nizhny Novgorod State Architectural - Building University
4307,Nizhny Novgorod State University
4309,Nkumba University
4311, Awka
4312,Noakhali University of Science and Technology
4314, Staatlich anerkannte private Fachhochschule mit dualen StudiengÃ¤ngen
4320,North Carolina Central University
4324,North China Electric Power University
4329,North Island College
4330,North Kazakhstan State University
4341,Northeast Agricultural University
4344,Northeast University at Qinhuangdao Campus
4345,Northeastern Louisiana University
4350,Northern Arizona University
4352,Northern Caribbean University
4354,Northern Jiaotong University
4356,Northern Lights College
4358,Northern Sichuan Medical College
4360,Northern State University
4363,Northwest A&amp;F University
4364,Northwest Missouri State University
4365,Northwest Nazarene College
4368,Northwest University Xi'an
4370, Kano
4373,Northwestern University
4374,Northwestern University In Qatar
4382,Norwegian State Academy of Music
4383,Norwegian Teacher Academy for Studies in Religion and Education
4385,Norwegian University of Science and Technology
4388,Notre Dame University
4390,Notre Dame Women's College
4391,Notre Dame of Marbel University
4392,Nottingham Trent University
4393,Nova Scotia Agricultural College
4394,Nova Scotia College of Art and Design
4395,Nova Southeastern University
4396,Novena University
4399,Novosibirsk State Academy of Economics and Mangement
4403,Novosibirsk State Technical University
4405,Nuclear Institute for Agriculture and Biology (NIAB)
4406,Nugaal University
4408,Oakland University
4410,Ile-Ife
4418,Ocean University of China
4419,Ochanomizu Women's University
4422,Odessa National Academy of Food Technologies
4425,Odessa National Maritime Academy
4428,Odessa State Medical University
4432,Ohio Dominican College
4433,Ohio Northern University
4436,Ohio State University
4437, Marion
4438,Ohio University
4441,Ohka Gakuen University
4442,Ohtani Women's University
4443,Ohu University
4446,Oita University of Nursing and Health Sciences
4451,Okayama University of Science
4456,Oklahoma City University
4457,Oklahoma State University
4465,Omdurman Islamic University
4468,Omsk State Pedagogical University
4469,Omsk State Technical University
4472,Ondo State University of Science & Technology
4476,Open International University for Alternative Medicines
4482,Open University of Israel
4486,Open University of the Netherlands
4487,Oradea University
4490,Oregon Health Sciences University
4492,Oregon State University
4493,Orenburg State University
4500,Osaka Electro-Communication University
4501,Osaka Gakuin University
4508,Osaka Shoin Women's College
4514,Osaka University of Education
4518,Osaka Women's University
4519,Oslo School of Architecture
4521,Osmania University
4522,Osun State University
4523, Oshogbo
4528,Otsuma Women's University
4529,Otterbein College
4536,Ozyegin University
4543,Pacific International College
4546,Pacific University
4548,Paichai University
4550,Pakistan Institute of Engineering and Applied Sciences (PIEAS)
4551,Pakistan Virtual University
4558,Palm Beach Atlantic College
4561,Pan Africa Christian University
4562,Pan African Christian University College
4564, Lagos
4566,Pangasinan State University
4567,Panjab University
4573,Parwan University
4577,Paul University
4578, Awka - Anambra State
4579,Pavlodar University
4593,Pedagogical University of Slupsk
4597,Pembroke State University
4599,Pennsylvania State System of Higher Education
4605,People's University of Bangladesh
4606,Pepperdine University
4608,Perdana University
4611,Perm State Academy of Agriculture
4615,Perm State Technical University
4620,Petro Mohyla Black Sea State University
4621,Petroleum University of Technology
4622,Petronas Technology University
4623,Petrozavodsk State University
4625,Pharos International University
4626,Philadelphia College of Textiles and Science
4636,Philosophisch-Theologische Hochschule Sankt Georgen
4642,Physical Education Academy &quot;Eugeniusz Piasecki&quot; in Poznan
4643,Physical Education Academy &quot;Jedrzej Sniadecki&quot; in Gdansk
4644,Physical Education Academy &quot;Jozef Pilsudski&quot; in Warsaw
4645,Physical Education Academy in Katowice
4653, Bokkos
4656,Plymouth State College
4657,Pohang University of Science and Technology
4660,Police Academy in Bratislava
4663,Polish-Japanese Institute of Information Technology in Warsaw
4664,Politeknik Negeri Bandung
4667,Politeknik Negeri Malang
4671,Politeknik Negeri Semarang
4679,Poltava University of Consumer Cooperatives in Ukraine
4680,Polytechnic Ibadan
4685,Polytechnic University of New York
4694,Pomorsk State University
4703,Pontificia Universidad CatÃ³lica Madre y Maestra (PUCMM)
4705,Pontificia Universidad CatÃ³lica del PerÃº
4706,Pontificia Universidad Javeriana
4710,Pontificia UniversitÃ  della Santa Croce
4714,PontifÃ­cia Universidade CatÃ³lica de Minas Gerais
4717,PontifÃ­cia Universidade CatÃ³lica do Rio de Janeiro
4719,Popakademie Baden-WÃ¼rttemberg
4724,Postgraduate lnstitute of Medical Education and Research
4725,Posts &amp; Telecommunications Institute of Technology
4727,Power and Water Institute of Technology
4728,Poznan School of Banking
4732,Prague International University
4734,Prasetiya Mulya Business School
4736,Precarpathian University
4738,Prempeh College
4740,Presbyterian University College
4742,Prescott College
4744,Preston Institute of Management Sciences and Technology (PIMSAT)
4747,Primier International University Perak
4752,Princess Nora Bint Abdulrahman University
4766,Punjab Agricultural University
4768,Punjab Institute of Computer science
4769,Punjab Technical University
4770,Punjab University College of Information Tecnology
4771,Punjabi University Patiala
4778,Pusan National University of Education
4784,Pyramid Education Center
4785,PÃ¡zmÃ¡ny PÃ©ter Catholic University
4786,PÃ¤dagogische Hochschule Erfurt/MÃ¼hlhausen
4789,PÃ¤dagogische Hochschule Karlsruhe
4799,Qingdao University
4800,Qingdao University of Science and Technology
4808,Quaid-i-Azam University
4813,Queens University
4815,Quest University
4816,Qufu Normal University
4818,Quinnipiac College
4822,Rabindra Bharati University
4824,Radford University
4826,Rafsanjan University of Medical Sciences
4829, Lanna Chiang Rai
4833, Phra Nakhon
4837,Rajasthan Technical University
4842,Rajiv Gandhi University
4847,Ramkhamhaeng University
4851,Randolph-Macon Woman's College
4866,Reitaku University
4871,ReykjavÃ­k University
4874,Rheinische Fachhochschule KÃ¶ln
4875,Rheinische Friedrich-Wilhelms UniversitÃ¤t Bonn
4877, Obeama-Asa - Rivers State
4881,Riara University School of Business and Law
4882,Rice University
4883,Richard Stockton College of New Jersey
4888,Riga Technical University
4891,Ripon College
4892,Rissho University
4898,Rizal Technological University
4907,Roger Williams University
4910,Roosevelt Academy University College
4918,Rovaniemi University of Applied Sciences
4922, University of London
4924,Royal College of Music
4926,Royal College of Physicians of Ireland
4928,Royal Danish Academy of Fine Arts
4929, School of Architecture
4930,Royal Danish Academy of Fine Arts
4934,Royal Danish School of Pharmacy
4935,Royal Free Hospital School of Medicine
4936, University of London
4941,Royal Roads University
4943,Royal University of Agriculture
4944,Royal University of Bhutan
4949,Royal lnstitute of Technology
4950,Ruhr-UniversitÃ¤t Bochum
4951,Ruprecht-Karls-UniversitÃ¤t Heidelberg
4956,Russian Customs Academy
4967, Newark
4969,Rybinsk State Academy of Aviational Technology
4972,Ryukoku University
4975,SMK Fomra Institute of Technology
4976,SRH University of Applied Sciences
4979,STMIK Sinar Nusantara
4980,Saad College of Nursing and Allied Health Sciences
4986,Sacred Heart University (CT)
4993,Saga University
4995,Saginaw Valley State University
5005,Saint John's University (MN)
5006,Saint John's University (NY)
5009,Saint Louis College
5010,Saint Louis University
5012,Saint Mary College
5019,Saint Paul University
5020,Saint Vincent College
5023,Saitama Medical School
5025,Saitama University
5027,Sakarya University
5032,Salem University
5036,Sam Houston State University
5037,Samar State University
5038,Samara State Academy for Railway Transportation
5039,Samara State Academy of Architecture and Civil Engineering
5040,Samara State Aerospace University
5045,Samara State University of Economics
5046,Samara State University of Teacher Training
5048,Sambalpur University
5049,Samchok National University
5056,San Diego State University
5058,San Jose State University
5067,Santa Clara University
5069,Sapporo Gakuin University
5070,Sapporo International University
5071,Sapporo Medical University
5076,Saratov State Agrarian University
5077,Saratov State Medical University
5084,Sarhad University of Science &amp; Information Technology
5086,Saskatchewan Indian Federated College
5093,Schiller International University
5094, American College of Switzerland
5096, Heidelberg
5098, London
5108,School of Economic Sciences
5110,School of Finance and Banking
5116,School of Planning and Architecture
5119,School of the Art Institute of Chicago
5124,Seattle University
5135,Seisen University
5140,Selcuk University
5141,Selkirk College
5144,Semey State University
5149,Sendai University
5155,Seonam University
5160,Seoul Teological University
5161,Seoul Women's University
5162,Seowon University
5163,Seton Hall University
5165,Sevastopol National Technical University
5168,Shaanxi Normal University
5175,Shaheed Rajaei Teacher Training University
5179,Shahputra College
5180,Shahrekord University
5182,Shahrood University of Medical Sciences
5183,Shahrood University of Technology
5186,Shandong Economic University
5192,Shandong University of Technology
5193,Shandong University of Triaditional Chinese Medicine
5196,Shanghai Customs College
5211,Shanghai Sipo Polytechnic
5212,Shanghai Television University
5215,Shanghai University of Engineering Science
5216,Shanghai University of Finance and Economics
5221,Shantou University
5226,Shaqra University
5235,Shenkar School of Engineering &amp; Design
5237,Shenyang Jianzhu University
5238,Shenyang Pharmaceutical University
5240,Shenyang University
5244,Shibaura Institute of Technology
5250,Shikoku Christian College
5251,Shikoku University
5252,Shimane University
5256,Shinawatra University
5257,Shinshu University
5260,Shiraz Payamnoor University
5266,Shizuoka Sangyo University
5267,Shizuoka University
5269, Meerut
5276,Showa University
5277,Showa Women's University
5280,Shri Lal Bahadur Shastri Rashtriya Sanskrit Vidyapeetha
5285,Shumei University
5287,Siauliai University
5290,Siberian State Industrial University
5291,Siberian State Medical University
5294,Sichuan Agricultural University
5298,Sichuan University
5301,Sikha 'O' Anushandhan University
5302,Sikkim Manipal University of Health
5304,Silesian Academy of Medicine in Katowice
5305,Silesian School of Economics and Languages
5307,Silesian University
5310,Silpakorn University
5311,Simmons College
5313,Simon's Rock College
5314,Simpson College
5316,Sindh Agricultural University
5318,Singapore Management University
5322,Sir Syed University of Engineering and Technology
5324,Sistan &amp; Balouchestan University
5327,Skrjabin Moscow State Academy of Veterinary Medicine and Biotechnology
5329, Sharjah
5332,Slovak Medical University
5333,Slovak University of Agriculture in Nitra
5338,Smolny University
5340,Sofia University &quot;St. Kliment Ohridski&quot;
5350,Somaliland University of Technology
5353,Soochow University
5354,Sookmyung Women's University
5357,Sophia University
5360,South Asian Institute of Technology And Medicine (SAITM)
5363,South Carelian Polytechnic
5364,South China Agricultural University
5365,South China Construction University
5366,South China Normal University
5376,South University of Science and Technology of China
5380,South-West University &quot;Neofit Rilski&quot;
5382,Southampton Solent University
5385,Southeast University
5386,Southeastern Louisiana University
5387,Southern Alberta Institute of Technology
5388,Southern College
5392,Southern Denmark Business School
5393,Southern Illinois University
5394,Southern Illinois University-Carbondale
5401,Southern University
5404,Southern Utah University
5405,Southern Yangtze University
5406,Southwest Agricultural University
5407,Southwest Baptist University
5408,Southwest Forestry University
5410,Southwest Missouri State University
5411,Southwest Petroleum University
5415,Southwest University of Finance and Economics
5417,Southwest University of Political Science and Law
5418,Southwest University of Science and Technology
5419,Southwestern Adventist College
5421,Southwestern University
5423, Oku Owa
5425,Spartan University of Health Sciences
5433,Sri Chandrasekharendra Saraswathi Viswa Mahavidyalaya
5434,Sri Krishnadevaraya University
5439,Sri Sant Gajanan Maharaj College of Engineering
5448,St. Andrew Georgian University
5461,St. John's College-Santa Fe
5465,St. Joseph University Beirut
5466,St. Joseph's College (ME)
5470,St. Marianna University School of Medicine
5471,St. Martin's College
5475,St. Pauls University
5476,St. Petersburg Institute of Arts and Restoration
5480,St. Petersburg State Agrarian University
5481,St. Petersburg State Chemical Pharmaceutical Academy
5487,St. Petersburg State Marine Technical University
5488,St. Petersburg State Medical Academy
5491,St. Petersburg State Pediatric Medical Academy
5496,St. Petersburg State University
5498,St. Petersburg State University of Architecture and Civil Engineering
5501,St. Petersburg State University of Culture and Arts
5511,St. Thomas University (FL)
5512,St.Cyril and Methodius University
5524,Staszic Pila College
5528,State Maritine Academy
5529,State Pedagogical University in Kryvyi Rih
5531,State University of Management
5532,State University of New York College at Brockport
5542,State University of New York System
5544,State University of New York at Binghamton
5548,State University of New York at Oswego
5551,State University of Tetova
5552,Stavropol State Technical University
5555,Stenden University
5556,Stephen F. Austin State University
5572,Suez Canal University
5577,Sul Ross State University
5587,Sultan Qaboos University
5595,Sunchon National University
5601,Sur University College
5606,Suwon Catholic University
5607,Suwon University
5609,Suzuka International University
5617,Swedish University of Agricultural Sciences
5624, Lausanne
5626, Zurich
5629,Syktyvkar State University
5630,Sylhet Agricultural University
5632,Sylhet International University
5635,Syrian International Private University for Science &amp; Technology
5636,Syrian Virtual University
5642,Tabari Institute of Higher Education
5650,Taejon National University of Technology
5662,Taipei Medical College
5670,Tajik Agrarian University
5675,Takarazuka University of Art and Design
5682,Tallinn University
5690,Tamil Nadu Dr. M.G.R. Medical University
5693,Tamkang University
5696,Tansian University
5697,Umunya
5700,Taraba State University
5703,Targu-Mures University of Theatre
5706,Tartu Health Care College
5716,Tashkent State University of Oriental Studies
5719,Tatung Institute of Technology
5721,Tay Nguyen University
5722,Taylor University
5726,Tbilisi State Medical University
5729, Rehabilitation and Physical Education
5730,Teachers College
5734,Technical University in Zvolen
5738,Technical University of Cluj-Napoca
5740,Technical University of Crete
5743,Technical University of Gabrovo
5744,Technical University of Gdansk
5745,Technical University of Iasi
5746,Technical University of Kenya
5747,Technical University of Kielce
5748,Technical University of Koszalin
5752,Technical University of Mining and Metallurgy Ostrava
5754,Technical University of Opole
5756,Technical University of Radom
5758,Technical University of Sofia
5759,Technical University of Szczecin
5762,Technical University of Warsaw
5767,Technikum Wien
5770,Technische Fachhochschule Georg Agricola fÃ¼r Rohstoff
5773,Technische Fachhochschule Wildau
5779,Technische UniversitÃ¤t Darmstadt
5781,Technische UniversitÃ¤t Graz
5782,Technische UniversitÃ¤t Hamburg-Harburg
5785,Technische UniversitÃ¤t Wien
5787,Technological Education Institute of Epiros
5788,Technological Education Institute of Halkida
5789, Euboea
5796,Technological Education Institute of Mesologgi
5798,Technological Education Institute of Piraeus
5804,Technological University (Hmawbi)
5805,Technological University (Hpaan)
5808,Technological University (Kyaukse)
5809,Technological University (Lashio)
5812,Technological University (Mandalay)
5814,Technological University (Mawlamyaing)
5817,Technological University (Myeik)
5822,Technological University (Pyay)
5826,Technological University (Thanlyin)
5831,Technological University of the Philippines
5838,Teikyo University of Science and Technology
5853,Texas Southern University
5855,Texas Tech University-Health Sciences Center
5860,Tezukayama Gakuin University
5863,Thaksin University
5864,Thamar University
5866,Thammasat University
5873,The Citadel
5874,The College of The Bahamas
5875,The College of Wooster
5878,The Federal Polytechnic Offa
5879,The Global College Lahore
5880,The Interdisciplinary Center Herzliya
5883,The Manchester Metropolitan University
5886,The Queen's University Belfast
5890,The Superior College
5901,Thierry Graduate School of Leadership
5902,Third University of Rome
5906,Thomas Jefferson University
5907,Thomas More College
5908,Thompson Rivers University
5909,Tianjin Academy of Fine Art
5910,Tianjin Medical University
5911,Tianjin Normal University
5912,Tianjin Open University
5913,Tianjin Polytechnic University
5915,Tianjin University of Commerce
5916,Tianjin University of Finance &amp; Economics
5920,Tibet University
5928,Tilka Manjhi Bhagalpur University
5931,Tishreen University
5933,Togliatti State University
5934,Toho College of Music
5942,Tohoku University
5944,Tohoku Women's College
5954,Tokushima University
5955,Tokuyama University
5956,Tokyo College of Music
5957,Tokyo Denki University
5964,Tokyo Kasei University
5965,Tokyo Keizai University
5975,Tokyo University of Art and Design
5978,Tokyo University of Information Sciences
5979,Tokyo University of Mercantile Marine
5980,Tokyo University of Pharmacy and Life Science
5984,Tomakomai Komazawa University
5986,Tomsk Polytechnic University
5994,Torbat Heydarieh University of Medical Sciences
5997,Towson State University
6000,Toyama University
6003,Toyo Gakuen University
6004,Toyo University
6006,Toyota Technological Institute
6007,Trakia University Stara Zagora
6008,Trakya University
6012,Trenton State College
6015,Trinity College (DC)
6017,Trinity College of Music
6019,Trinity University
6020,Trinity University School of Medicine
6021,Trinity Western University
6025,Truman State University
6028,Tsuda College
6030,Tsuru University
6032,Tucson University
6033,Tufts University
6040,Tunku Abdul Rahman University (Chinese University)
6047,Tuva State University
6054,Tzu Chi College of Medicine and Humanities
6057,TÃ¼rkisch-Deutsche UniversitÃ¤t
6059,UNESCO-IHE Institute for Water Education
6060,Ubonratchathani University
6065,Ufa State Petroleum Technological University
6066,Ufuk University
6068,Uganda Martyr's University
6069,Uinversity of Babylon
6076,Ulsan University
6080,Ulyanovsk State Pedagogical University
6085,Umea University
6088,Umutara Polytechnic
6089,Ungku Omar Premier Polytechnic
6097,United Nations University
6098,United States Air Force Academy
6099,United States International University
6100,United States International University
6104,Unitomo Surabaya
6108,Universidad APEC
6111,Universidad Abierta Para Adultos
6113,Universidad Academia de Humanismo Cristiano
6114,Universidad Academia de Humanismo Cristiano
6120,Universidad Adventista de Colombia
6124,Universidad Alas Peruanas
6132,Universidad Andina SimÃ³n Bolivar
6133,Universidad Andina SimÃ³n BolÃ­var
6138,Universidad AnÃ¡huac del Sur
6139,Universidad Arcis
6140,Universidad Argentina &quot;John F. Kennedy&quot;
6141,Universidad Argentina de la Empresa
6144,Universidad Austral de Chile
6153,Universidad AutÃ³noma Juan Misael Saracho
6154,Universidad AutÃ³noma Latinoamericana
6157,Universidad AutÃ³noma Metropolitana - Iztapalapa
6161,Universidad AutÃ³noma de AsunciÃ³n
6162,Universidad AutÃ³noma de Baja California
6166,Universidad AutÃ³noma de Centro AmÃ©rica
6168,Universidad AutÃ³noma de Chiapas
6170,Universidad AutÃ³noma de Ciudad JuÃ¡rez
6171,Universidad AutÃ³noma de Coahuila
6174,Universidad AutÃ³noma de Fresnillo
6175,Universidad AutÃ³noma de Guadalajara
6176,Universidad AutÃ³noma de Guerrero
6180,Universidad AutÃ³noma de Nayarit
6183,Universidad AutÃ³noma de QuerÃ©taro
6185,Universidad AutÃ³noma de Santa Ana
6192,Universidad AutÃ³noma de Zacatecas
6196,Universidad AutÃ³noma del Caribe
6200,Universidad AutÃ³noma del Estado de MÃ©xico
6201,Universidad AutÃ³noma del Noreste
6203,Universidad Bellas Artes
6206,Universidad Blas Pascal
6208,Universidad Bolivariana de Venezuela
6213,Universidad Capitain General Gerardo Barrios
6214,Universidad Cardenal Herrera-CEU
6216,Universidad Casa Grande
6217,Universidad Catolica &quot;Redemptoris Mater&quot;
6222,Universidad Catolica del Maule
6225,Universidad CatÃ³lica Anselmo Llorente
6228, Cochabamba
6233,Universidad CatÃ³lica Boliviana
6234, Tarija
6236,Universidad CatÃ³lica Cecilio Acosta
6239,Universidad CatÃ³lica Nuestra Senora de la AsunciÃ³n
6246,Universidad CatÃ³lica de Cuenca
6247,Universidad CatÃ³lica de Cuyo
6250,Universidad CatÃ³lica de La Plata
6255,Universidad CatÃ³lica de Santa MarÃ­a
6258,Universidad CatÃ³lica de Santo Domingo
6262,Universidad CatÃ³lica del Oriente
6273,Universidad Central del Caribe
6274,Universidad Central del Ecuador
6276,Universidad Central del Valle del Cauca
6278,Universidad Centroamericana
6280,Universidad Centroamericana de Ciencias Empresariales (UCEM)
6285,Universidad Ciencias Comerciales
6288,Universidad Columbia del Paraguay
6290,Universidad Comunera
6292,Universidad Cristiana de las Asambleas de Dios
6293,Universidad CristÃ³bal ColÃ³n
6294,Universidad CuauhtÃ©moc
6295,Universidad CÃ©sar Vallejo
6296,Universidad Diego Portales
6306,Universidad EAFIT
6308,Universidad Empresarial
6309,Universidad Empresarial Mateo Kuljis
6313,Universidad Estatal a Distancia
6314,Universidad Estatal de BolÃ­var
6316,Universidad Europea de Madrid
6317,Universidad EvangÃ©lica de El Salvador
6318,Universidad Experimental Felix Adam
6320,Universidad Federico HenrÃ­quez y Carvajal
6323,Universidad FidÃ©litas
6328,Universidad Francisco de Aguirre
6329,Universidad Francisco de Paula Santander
6330,Universidad Francisco de Vitoria
6338,Universidad Hispanoamericana
6348,Universidad Industrial de Santander
6349,Universidad Insurgentes Plantel LeÃ³n
6355,Universidad Interamericana de Puerto Rico
6362,Universidad Internacional de AndalucÃ­a
6363, Sede Antonio Machado de Baeza
6366,Universidad Internacional de IntegraciÃ³n de AmÃ©rica Latina
6369,Universidad International SEK
6370, Santiago
6372,Universidad Isaac Newton
6375,Universidad JosÃ© Cecilio del Valle
6377,Universidad JosÃ© Santos Ossa
6380,Universidad JuÃ¡rez AutÃ³noma de Tabasco
6382,Universidad JÃ³se Vasconcelos
6385,Universidad La Republica
6389,Universidad Laica &quot;Vicente Rocafuerte&quot; de Guayaquil
6391,Universidad Latina
6393,Universidad Latina de PanamÃ¡
6395,Universidad Latinoamericana de Ciencia y Tecnologia
6402,Universidad Luterana Salvadorena
6403,Universidad Madero
6407,Universidad Mariano EgaÃ±a
6412,Universidad Mayor de San SimÃ³n
6417,Universidad Metropolitana Castro Carazo
6420,Universidad Metropolitana de Ciencias de la EducaciÃ³n
6425,Universidad Michoacana de San NicolÃ¡s de Hidalgo
6429,Universidad Modular Abierta
6431,Universidad MonteÃ¡vila
6432,Universidad MotolinÃ­a del Pedegral
6439,Universidad Nacional Abierta y a Distancia
6445,Universidad Nacional Autonoma de Nicaragua
6446,Universidad Nacional AutÃ³noma de Honduras
6452,Universidad Nacional Experimental &quot;SimÃ³n Rodriguez&quot;
6468,Universidad Nacional Santiago AntÃºnez de Mayolo
6470,Universidad Nacional de AsunciÃ³n
6473,Universidad Nacional de Chimborazo
6476,Universidad Nacional de CÃ³rdoba
6477,Universidad Nacional de EducaciÃ³n Enrique GuzmÃ¡n y Valle
6478,Universidad Nacional de EducaciÃ³n a Distancia
6484,Universidad Nacional de Ingenieria
6485,Universidad Nacional de IngenierÃ­a
6487,Universidad Nacional de La Libertad
6491,Universidad Nacional de La Plata
6499,Universidad Nacional de Piura
6501,Universidad Nacional de Rosario
6504,Universidad Nacional de San Agustin
6507,Universidad Nacional de San Juan
6512,Universidad Nacional de Tres de Febrero
6539,Universidad OdontolÃ³gica Dominicana
6540,Universidad Olmeca
6542,Universidad Panamericana
6558,Universidad Peruana Cayetano Heredia
6559,Universidad Peruana Union
6563,Universidad Politecnica de Nicaragua
6566,Universidad PolitÃ©cnica de Cartagena
6575,Universidad Popular de Nicaragua (UPONIC)
6576,Universidad Popular del Cesar
6584,Universidad Privada San Pedro
6586,Universidad Privada de Santa Cruz de la Sierra
6587,Universidad Privada de Tacna
6588,Universidad Privada del Este
6591,Universidad PÃºblica de Navarra
6592,Universidad Rafael LandÃ­var
6596,Universidad Regional del Sureste
6605,Universidad San Francisco de Quito
6613,Universidad Santa Maria Caracas
6616,Universidad Santiago de Cali
6620,Universidad SeÃ±or de SipÃ¡n
6624,Universidad Tecnologica &quot;Vicente Perez Rosales&quot;
6625,Universidad Tecnologica Israel
6626,Universidad Tecnologica de Nezahualcoyotl
6630,Universidad TecnolÃ³gica Equinoccial
6631,Universidad TecnolÃ³gica IndoamÃ©rica
6638,Universidad TecnolÃ³gica de MÃ©xico
6640,Universidad TecnolÃ³gica de Pereira
6643,Universidad TecnolÃ³gica del Centro
6646,Universidad TecnolÃ³gica del Sur
6647,Universidad Torcuato di Tella
6655,Universidad TÃ©cnica de Esmeraldas &quot;Luis Vargas Torres&quot;
6656,Universidad TÃ©cnica de Machala
6664,Universidad Veritas
6665,Universidad Xicotepetl
6667,Universidad de Aconcagua
6668,Universidad de AlcalÃ¡ de Henares
6673,Universidad de AntioquÃ­a
6674,Universidad de Antofagasta
6676,Universidad de Artes
6678,Universidad de Atacama
6679,Universidad de Belgrano
6683,Universidad de Burgos
6684,Universidad de Caldas
6685,Universidad de CamagÃ¼ey
6691,Universidad de Castilla La Mancha
6693,Universidad de Chiclayo
6698,Universidad de Ciencias de la Informatica
6703,Universidad de ComunicaciÃ³n Avanzada
6705,Universidad de ConcepciÃ³n del Uruguay
6707,Universidad de Costa Rica
6710,Universidad de CÃ¡diz
6712,Universidad de CÃ³rdoba
6719,Universidad de Gerona
6720,Universidad de Granada
6721,Universidad de Granma
6723,Universidad de Guanajuato
6724,Universidad de Guanajuato
6725, Campus LeÃ³n
6727,Universidad de Hermosillo
6732,Universidad de JaÃ©n
6733,Universidad de La Amazonia
6734,Universidad de La CoruÃ±a
6738,Universidad de La Laguna
6748,Universidad de Las Palmas de Gran Canaria
6753,Universidad de Los Andes
6754,Universidad de Los Andes
6755,Universidad de Los Lagos
6756,Universidad de Los Llanos
6758,Universidad de Managua (U de M)
6763,Universidad de Montemorelos
6765,Universidad de Montevideo
6768,Universidad de MÃ¡laga
6771,Universidad de Norteamerica
6772,Universidad de Occidente
6778,Universidad de Pamplona
6782,Universidad de Playa Ancha de Ciencias de la Educacion
6785, Aguadilla
6789, Bayamon
6794,Universidad de Puerto Rico
6798,Universidad de Puerto Rico
6806,Universidad de Quintana Roo
6808,Universidad de San Andres
6814,Universidad de San Miguel
6816,Universidad de San Pedro Sula
6817,Universidad de Santiago de Chile
6818,Universidad de Santiago de Compostela
6825,Universidad de Valencia
6829,Universidad de ViÃ±a del Mar
6832,Universidad de la Empresa (UDE)
6835,Universidad de la Marina Mercante
6837,Universidad de la Sierra A.C.
6838,Universidad de la Tercera Edad
6839,Universidad de las AmÃ©ricas
6840,Universidad de las AmÃ©ricas (ULAM)
6848,Universidad del Caribe
6849,Universidad del Cauca
6850,Universidad del Centro Educativo Latinoamericano Rosario
6853,Universidad del Cono Sur de las AmÃ©ricas
6859,Universidad del Mar
6862,Universidad del Noreste
6864,Universidad del Norte
6868,Universidad del Pacifico
6869,Universidad del Pacifico
6870,Universidad del PacÃ­fico
6877,Universidad del Tepeyac
6881,Universidad del Valle de Atemajac
6882,Universidad del Valle de Guatemala
6885,Universidad del Valle de Toluca
6896,Universidade Camilo Castelo Branco
6897,Universidade Candido Mendes
6899,Universidade Catolica Portuguesa
6903,Universidade CatÃ³lica de GoiÃ¡s
6908,Universidade CatÃ³lica de Salvador
6913,Universidade Estadual Paulista
6914,Universidade Estadual Sudoeste da Bahia
6915,Universidade Estadual da ParaÃ­ba
6922,Universidade Estadual de Santa Cruz
6927,Universidade Estadual do PiauÃ­
6933,Universidade Federal da Bahia
6938,Universidade Federal de GoiÃ¡s
6939,Universidade Federal de Juiz de Fora
6940,Universidade Federal de Lavras
6945,Universidade Federal de Pelotas
6949,Universidade Federal de Santa Catarina
6950,Universidade Federal de Santa Maria
6954,Universidade Federal de UberlÃ¢ndia
6957,Universidade Federal do Acre
6961,Universidade Federal do MaranhÃ£o
6962,Universidade Federal do ParanÃ¡
6963,Universidade Federal do ParÃ¡
6966,Universidade Federal do Rio Grande do Sul
6967,Universidade Federal do Rio de Janeiro
6968,Universidade Federal do Vale do SÃ£o Francisco
6971,Universidade Gregorio Semedo
6972,Universidade Ibirapuera
6973,Universidade Independente
6975,Universidade Internacional Lisboa
6976,Universidade Jean Piaget de Cabo Verde
6980,Universidade Luterana do Brasil
6981,Universidade Mackenzie
6988,Universidade Paulista
6997,Universidade Santa CecÃ­lia dos Bandeirantes
6999,Universidade SÃ£o Francisco
7000,Universidade SÃ£o Judas Tadeu
7007,Universidade Vale do Rio dos Sinos
7011,Universidade da Madeira
7013,Universidade de Alfenas
7014,Universidade de Aveiro
7015,Universidade de BrasÃ­lia
7020,Universidade de Fortaleza
7021,Universidade de Franca
7026,Universidade de Mogi das Cruzes
7027,Universidade de Nova IguaÃ§u
7030,Universidade de RibeirÃ£o Preto
7031,Universidade de Santa Cruz do Sul
7036,Universidade de Tras-os-Montes e Alto Douro
7046,Universidade do Minho
7055,Universidade dos Acores
7057,Universitas Advent Indonesia
7064,Universitas Ahmad Dahlan
7067,Universitas Andalas
7071,Universitas Bhayangkara Jakarta Raya
7078,Universitas Darma Agung
7079,Universitas Darma Persada
7082,Universitas Dr. R. Moestopo
7085,Universitas HKBP Nommensen
7086,Universitas Haluoleo
7096,Universitas Islam Nusantara
7103,Universitas Jayabaya
7104,Universitas Jember
7105,Universitas Jenderal Achmad Yani
7108,Universitas Katolik Parahyangan
7109,Universitas Katolik Soegijapranoto
7110,Universitas Katolik Widya Karya
7113,Universitas Khairun
7116,Universitas Krisnadwipayana
7119,Universitas Kristen Indonesia Tomohon
7120,Universitas Kristen Krida Wacana
7124,Universitas Lambung Mangkurat
7130,Universitas Mahendradatta
7131,Universitas Mataram
7136,Universitas Muhammadiyah Jakarta
7140,Universitas Muhammadiyah Malang
7143,Universitas Muhammadiyah Surakarta
7146,Universitas Muria Kudus
7147,Universitas Muslim Indonesia
7149,Universitas Nasional Jakarta
7151,Universitas Negeri Gorontalo
7154,Universitas Negeri Malang
7158,Universitas Negeri Semarang
7159,Universitas Negeri Surabaya
7160,Universitas Negeri Yogyakarta
7166,Universitas Pancasakti Tegal
7170,Universitas Pattimura
7171,Universitas Pekalongan
7172,Universitas Pelita Harapan
7177,Universitas Pesantren Darul Ulum Jombang
7179,Universitas Riau
7186,Universitas Simalungun
7189,Universitas Sultan Ageng Tirtayasa
7200,Universitas Trisakti
7202,Universitas Udayana
7204,Universitas Widyatama
7206,Universitas Wijaya Kusuma Surabaya
7208,Universitas Yarsi
7210,Universitat Internacional de Catalunya
7211,Universitat Jaume I de CastellÃ³n
7213,Universitat Pompeu Fabra
7220,Universitatea de Vest &quot;Vasile Goldi&amp;#&quot;
7224,Universiteit Antwerpen Management School
7229,Universiti Industri Selangor
7231,Universiti Kebangsaan Malaysia
7232,Universiti Kuala Lumpur
7241,Universiti Putra Malaysia
7242,Universiti Sains Malaysia
7245,Universiti Teknologi Malaysia
7247,Universiti Teknologi Petronas
7248,Universiti Tenaga Nasional
7250,Universiti Tun Hussein Onn Malaysia
7251,Universiti Tunku Abdul Rahman
7255,University &quot;Titu Maiorescu&quot;
7257,University Campus Suffolk
7259,University Center &quot;CÃ©sar Ritz&quot;
7260,University Centre of the Westfjords
7263,University College Dublin
7268, Crafts and Design
7276,University College of Technology &amp; Innovation (UCTI)
7281,University Institute of Architecture Venice
7282,University Institute of Modern Languages
7286,University Konstantina Filozov in Nitra
7288,University Malaysia Pahang
7291,University Medical School of PÃ©cs
7294,University Oil- Gas Ploiesti
7296,University School of Physical Education
7299,University for Development Studies
7300,University for Humanistics (UH)
7302,University for Peace
7303,University of Aberdeen
7311,University of Agricultural Sciences
7312, Dharwad
7318,University of Agriculture
7322,University of Aizu
7324,University of Akureyri
7327,University of Alabama at Huntsville
7332,University of Alaska-Southeast
7333,University of Alberta
7338,University of Ancona
7339,University of Andorra
7344,University of Applied Sciences Chur
7348,University of Aquila
7354,University of Arkansas - Monticello
7356,University of Art and Design Cluj-Napoca
7358,University of Asia Pacific
7361,University of Athens
7371,University of Banja Luka
7372,University of Bari
7373,University of Basel
7374,University of Basrah
7375,University of Batangas
7377,University of Bedfordshire
7383,University of Bergen
7384,University of Berne
7400,University of Buckingham
7402,University of Burao
7411,University of California
7415,University of California
7423,University of California
7436,University of Cassino
7437,University of Catania
7441,University of Central Florida
7450,University of Chittagong
7454,University of Colorado at Boulder
7463,University of Craiova
7464,University of Crete
7465,University of Cyprus
7467,University of Da Nang
7470,University of Dar Es Salaam
7473,University of Delaware
7477,University of Detroit Mercy
7481,University of Dohuk (Kurdistan Region)
7495, Baraton
7496,University of Eastern Philippines
7497,University of Economics Prague
7498,University of Economics Varna
7499,University of Economics in Bratislava
7500,University of Edinburgh
7501,University of Education
7505,University of El Imam El Mahdi University
7510,University of Engineering and Technology Lahore
7512,University of Engineering and Technology Taxila
7514,University of Evansville
7516,University of Faisalabad
7521,University of Florence
7525,University of Forestry Sofia
7526,University of Fort Hare
7531,University of Gdansk
7534,University of Georgia
7537,University of Gjirokstra &quot;Eqerem Cabej&quot;
7538,University of Glamorgan
7539,University of Glasgow
7542,University of Great Falls
7543,University of Greenland
7548,University of Guam
7552,University of Haifa
7557,University of Hartford
7566,University of Hong Kong
7567,University of Hormozgan
7568,University of Horticulture and Food Industry
7573,University of Hyderabad
7574,University of Hydraulic Electric Engineering
7575,University of Iasi
7586,University of Information Technology and Management in Rzeszow
7593,University of Islamic Studies
7594,University of Italian Studies for Foreigners of Perugia
7596,University of Jaffna
7598,University of Jan Evangelista Purkyne
7600,University of Jinan
7601,University of Joensuu
7603,University of Jordan
7606,University of JyvÃ¤skylÃ¤
7609,University of Kalyani
7612,University of Karachi
7613,University of Kashmir
7616,University of Kentucky
7618,University of Khartoum
7622,University of Kordofan
7623,University of Kota
7626,University of Kuopio
7629,University of KwaZulu-Natal
7631,University of LaVerne in Athens
7637,University of Lausanne
7642,University of Lethbridge
7643,University of Liberal Arts
7648,University of Liverpool
7654,University of Lower Silesia of the Association for the Advancement of Education in Wroclaw.
7657,University of Lusaka
7658,University of Luxemburg
7659,University of Maastricht
7664,University of Maiduguri
7666,University of Maine System
7668,University of Maine at Fort Kent
7671,University of Malakand
7675,University of Management and Technology
7679,University of Manitoba
7680,University of Maribor
7681,University of Marketing and Distribution Sciences
7683,University of Maryland at Baltimore
7684,University of Maryland at Baltimore County
7692,University of Media Arts
7696,University of Medicine and Pharmacy of Bucharest
7699,University of Medicine and Pharmacy of Targu Mures
7704,University of Miami
7708,University of Milan - Bicocca
7710,University of Mining and Geology &quot;St. Ivan Rils&quot;
7711,University of Minnesota
7712,University of Minnesota-Crookston
7721,University of Missouri-Kansas City
7723,University of Missouri-Saint Louis
7725, Mkar
7728,University of Molise
7730,University of Moncton
7731, Edmundston
7733, Shippagan
7734,University of Montana
7735,University of Montenegro
7736,University of Moratuwa
7739,University of Mumbai
7743,University of Mysore
7748,University of Nebraska
7750,University of Nebraska
7755,University of Neuchatel
7756,University of Nevada
7758,University of Nevada
7759, Reno
7760,University of New Brunswick
7763,University of New Caledonia
7765,University of New England
7766,University of New Hampshire
7768,University of New Haven
7769,University of New Mexico
7773,University of New York in Prague
7774,University of Newcastle
7776,University of Nicosia
7781,University of Nizwa
7785,University of North Carolina at Chapel Hill
7789,University of North Dakota
7790,University of North Florida
7791,University of North London
7794,University of North West
7795,University of NorthWest
7797,University of Northeastern Philippines
7798,University of Northern Bahr El-Ghazal
7803,University of Northern Virginia
7813,University of Nueva Caceres
7814,University of Occupational and Environmental Health
7818,University of Opole
7821,University of Osijek
7822,University of Oslo
7824,University of Otago
7829,University of Paisley
7830,University of Palermo
7833,University of Pannonia
7834,University of Papua New Guinea
7838,University of Pavia
7840,University of Peloponnese
7844,University of Perpetual Help
7846, System Dalta
7848,University of Peshawar
7853,University of Piraeus
7867,University of Prishtina
7868,University of Prizren &quot;Ukshin Hoti&quot;
7869,University of PriÅ¡tina
7870,University of Puerto Rico
7878,University of Rajshahi
7879,University of Reading
7880,University of Redlands
7881,University of Reggio Calabria
7883,University of Regina Carmeli
7885,University of Rhode Island
7886,University of Richmond
7888,University of Rochester
7891,University of Roorkee
7892,University of Rousse
7895,University of Saint Joseph
7896,University of Saint La Salle
7910,University of Sarasota
7911,University of Sargodha
7913,University of Sassari
7916,University of Science &amp; Technology Chittagong
7919,University of Science and Technology
7921,University of Science and Technology Sana'a
7923,University of Science
7924, Arts and Technology
7926,University of Seychelles
7928,University of Sharjah
7930,University of Shiga Prefecture
7933,University of Siena
7935,University of Silesia
7938,University of Sint Eustatius School of Medicine
7945,University of South Asia
7948,University of South Carolina
7951,University of South Florida
7956,University of Southern Denmark
7961,University of Southern Mississippi
7964,University of Southwestern Louisiana
7965,University of Split
7966,University of Sri Jayawardenapura
7967,University of St. Andrews
7968,University of St. Cyril and Methodius in Trnava
7971,University of St. Michael's College
7973,University of Stellenbosch
7974,University of Stirling
7980,University of Surrey
7983,University of Switzerland
7984,University of Sydney
7989,University of Tampere
7993,University of Technical Education Ho Chi Minh City
7997,University of Technology Phnom Penh
8005, Martin
8009,University of Texas Health Science Center at San Antonio
8014,University of Texas at Arlington
8017,University of Texas at Dallas
8021,University of Thessaly
8022,University of Tirana
8023,University of Toledo
8025,University of Toronto
8027,University of Toronto
8035,University of TromsÃ¸
8036,University of Tulsa
8037,University of Turin
8038,University of Turku
8045,University of Uyo
8046,University of Vaasa
8048,University of Venice
8052,University of Veterinary Medicine in Kosice
8053,University of Veterinary Science
8056,University of Virginia
8061,University of Wales
8072, Newport
8073,University of Wales
8075,University of Wamia and Masuria in Olsztyn
8080,University of Waterloo
8082,University of West Bohemia
8084,University of West Hungary
8090,University of Windsor
8092,University of Wisconsin System
8094,University of Wisconsin-Green Bay
8097,University of Wisconsin-Milwaukee
8100,University of Wisconsin-Platteville
8110,University of Worcester
8113,University of Wyoming
8114,University of York
8116,University of Zagreb
8118,University of Zenica
8119,University of Zilinska
8122,University of ZÃ¼rich
8127,University of the Cordilleras
8128,University of the District of Columbia
8129,University of the East
8131,University of the East
8133,University of the East
8136,University of the Free State
8140,University of the Italian-speaking Part of Switzerland
8143,University of the Ozarks
8146,University of the Philippines Diliman
8148,University of the Philippines Manila
8150,University of the Philippines Open University
8151,University of the Philippines Visayas
8158,University of the South Pacific
8159,University of the South Pacific
8163,University of the Sunshine Coast
8169,University of the West Indies St. Augustine
8171, Cave Hill
8174,University of the West of England
8175, Bristol
8177,University â€œPavaresiaâ€ Vlore
8182,UniversitÃ¤t Bayreuth
8184,UniversitÃ¤t Bremen
8185,UniversitÃ¤t Dortmund
8187,UniversitÃ¤t Erfurt
8193,UniversitÃ¤t Hildesheim
8195,UniversitÃ¤t Innsbruck
8196,UniversitÃ¤t Kaiserslautern
8197,UniversitÃ¤t Kassel
8198,UniversitÃ¤t Klagenfurt
8199,UniversitÃ¤t Koblenz-Landau
8200,UniversitÃ¤t Konstanz
8203,UniversitÃ¤t Liechtenstein
8205,UniversitÃ¤t LÃ¼neburg
8207,UniversitÃ¤t Mozarteum Salzburg
8211,UniversitÃ¤t Potsdam
8214,UniversitÃ¤t Salzburg
8216,UniversitÃ¤t Stuttgart
8217,UniversitÃ¤t Trier
8218,UniversitÃ¤t Ulm
8225,UniversitÃ¤t fÃ¼r Musik und darstellende Kunst Graz
8232,UniversitÃ© Alioune Diop de Bambey
8233,UniversitÃ© Amar Telidji
8249,UniversitÃ© ChrÃ©tienne du Nord d'Haiti
8256,UniversitÃ© FranÃ§ois Rabelais de Tours
8259,UniversitÃ© Hassan II - AÃ¯n Chock
8263,UniversitÃ© Ibn Toufail
8265,UniversitÃ© Jean Monnet
8271,UniversitÃ© Kongo
8277,UniversitÃ© LumiÃ©re (Lyon II)
8281,UniversitÃ© Mohammed Ier
8284,UniversitÃ© Montesquieu (Bordeaux IV)
8288,UniversitÃ© Notre Dame d'HaÃ¯ti
8290,UniversitÃ© PanthÃ©on-Assas (Paris II)
8292,UniversitÃ© Paris Nanterre (Paris X)
8293,UniversitÃ© Paris Nord (Paris XIII)
8296,UniversitÃ© Paris-Sorbonne (Paris IV)
8298,UniversitÃ© Paul ValÃ©ry (Montpellier III)
8301,UniversitÃ© Polytechnique Internationale du BÃ©nin
8302,UniversitÃ© Protestante au Congo
8311,UniversitÃ© Sorbonne-Nouvelle (Paris III)
8313,UniversitÃ© Thierno Amadou Diallo
8315,UniversitÃ© Victor Segalen (Bordeaux II)
8319,UniversitÃ© d'Abomey-Calavi (UAC)
8321,UniversitÃ© d'Alger
8325,UniversitÃ© d'Antsiranana
8328,UniversitÃ© d'Avignon
8332,UniversitÃ© d'OrlÃ©ans
8338,UniversitÃ© de Blida
8339,UniversitÃ© de BouakÃ©
8349,UniversitÃ© de Corse Pascal Paoli
8351,UniversitÃ© de Douala
8353,UniversitÃ© de Fianarantsoa
8355,UniversitÃ© de GabÃ¨s
8358,UniversitÃ© de Haute-Alsace
8362,UniversitÃ© de Kisangani
8365,UniversitÃ© de LiÃ¨ge
8366,UniversitÃ© de LomÃ©
8368,UniversitÃ© de M'sila
8372,UniversitÃ© de Metz
8383,UniversitÃ© de Nouakchott
8384,UniversitÃ© de Novembre Ã  Carthage
8385,UniversitÃ© de Ouagadougou
8388,UniversitÃ© de Picardie Jules-Verne
8391,UniversitÃ© de Reims Champagne-Ardenne
8394,UniversitÃ© de Savoie
8395,UniversitÃ© de Sfax
8396,UniversitÃ© de Sherbrooke
8398,UniversitÃ© de Skikda
8403,UniversitÃ© de ThiÃ¨s
8407,UniversitÃ© de Toulouse-le-Mirail (Toulouse II)
8410,UniversitÃ© de Valenciennes et du Hainaut-CambrÃ©sis
8411,UniversitÃ© de Versailles Saint-Quentin-en-Yvelines
8412,UniversitÃ© de YaoundÃ© I
8423,UniversitÃ© des Sciences Humaines (Strasbourg II)
8429,UniversitÃ© du Centre
8430, Sousse
8436,UniversitÃ© du QuÃ©bec en Outaouais
8437,UniversitÃ© du QuÃ©bec Ã  Chicoutimi
8438,UniversitÃ© du QuÃ©bec Ã  MontrÃ©al
8442,UniversitÃ© du Sud
8447,Univesidade Agostinho Neto
8452,Ural Gorkij State University
8456,Ural State Academy of Railway Transport
8457,Ural State Conservatory
8460,Ural State University of Economics
8464,Ursinus College
8465,Urumqi Vocational University
8466,Usumanu Danfodiyo University
8470,Utrecht University
8471,Utsunomiya University
8473,Uttarakhand Open University
8481,Vaasa University of Applied Sciences
8483,Valahia University of Targoviste
8485,Vali-e-Asr University
8489,Vancouver Community College
8490,Vanderbilt University
8492,Varna Free University
8493,Vassar College
8496,Veliko Turnovo University &quot;Cyril and Methodius&quot;
8498,Veritas University
8502,Victoria International University
8503,Victoria University
8505,Victoria University Toronto
8507,Victoria University of Wellington
8508,Vidyasagar University
8509,Vidzeme University College
8510,Vietnam Maritime University
8514,Vikram University
8518,Vilnius Academy of Arts
8519,Vilnius Gediminas Technical University
8521,Vilnius University
8528,Virginia Military Institute
8529,Virginia Polytechnic Institute and State University
8537,Vitebsk State Medical University
8542,Vladivostock State University of Economics
8545,Volgograd Medical Academy
8555,Voronezh State Agricultural University
8558,Voronezh State Technical University
8561,Vyatka State Pedagogical University
8568,Wakayama Medical College
8573,Walailak University
8574,Walcz College
8577,Walter Sisulu University for Technology and Science
8578,Warburg Institute
8587,Waseda University
8588,Washburn University
8589,Washington &amp; Lee University
8590,Washington Bible College/Capital Bible Seminary
8591,Washington College
8593,Washington State University at Tri-Cities
8596, Saint Louis
8600,Wayamba University of Sri Lanka
8601,Wayne State University
8602,Waynesburg College
8606,Webster University Geneva
8609,Webster University
8613,Wells College
8617,Wenzhou Medical College
8618,Wenzhou University
8623,Wesleyan University Philippines
8624,West Bengal University of Animal and Fishery Sciences
8625,West Bengal University of Technology
8626,West Chester University of Pennsylvania
8629,West Coast University (WCU)
8631,West Georgia College
8636,West University of Timisoara
8638,West Virginia University at Parkersburg
8639,West Visayas State University
8640,Western Carolina University
8641,Western Connecticut State University
8645,Western Illinois University
8646,Western Kazakhstan Agricultural University
8648,Western Maryland College
8650,Western Mindanao State University
8652,Western New England College
8659,WestfÃ¤lische Wilhelms-UniversitÃ¤t MÃ¼nster
8660,Westhill University
8663,Westminster College of Salt Lake City
8666,Westmont College
8667,WestsÃ¤chsische Hochschule Zwickau (FH)
8670, Norton MA
8672,Whitman College
8681,William Gilbert College
8689,Williams College
8692,Windsor University School of Medicine
8693,Winona State University
8695,WirtschaftsuniversitÃ¤t Wien
8701,Wolaita Sodo University
8702,Wolkite University
8703,Wollega University
8706,Women's University in Africa
8710,Worcester Polytechnic Institute
8717,Wuhan Transportation University
8721,Wuhan University of Technology
8723,Wuyi University
8726,Xi'an Academy of Fine Art
8729,Xi'an Jiaotong University
8733,Xi'an University of Technology
8743,Xinjiang University of Finance and Economics
8744,Xuzhou Normal University
8745,YPC-iTWEB College
8750,Yamagata University
8753,Yamanashi Gakuin University
8755,Yamanashi University
8759,Yanbian University of Science and Technology
8762,Yanbu University College
8766,Yantai Education Institute &amp; Yantai Television University
8769,Yarmouk University
8777,Yashawantrao Chavan Maharashtra Open University
8780,Yasuj University of Medical Sciences
8783,Yeditepe University
8784,Yelets State University
8792,Yildiz Technical University
8796,Yokohama National University
8797,Yonok University
8798,Yonsei University
8801,Yorker International University
8803,Yorker International University
8809,Yukon College
8812,Yunnan University
8820,Zambian Open University
8823,Zanjan University of Medical Sciences
8824,Zaporizhzhe National Technical University
8825,Zaporizhzhe National University
8826,Zarka Private University
8831,Zhanjiang Ocean University
8833,Zhejiang Gongshang University
8836,Zhejiang University
8838,Zhengda Software College
8850,Zonguldak Karaelmas University
8856,ifs University College
8864,Ã‰cole nationale d'administration publique
8865, UniversitÃ© du QuÃ©bec
8866,Ä°stanbul Åžehir University
