id,name,url,issn
52df9a54-6cc3-4685-9826-f6ba927def1a,Nepalese journal of ophthalmology : a biannual peer-reviewed academic journal of the Nepal Ophthalmic Society : NEPJOPH,https://www.nepjol.info/index.php/NEPJOPH,2072-6805
9f840236-aa46-478e-98fe-68a1fe8b823e,Regenerative medicine,https://www.liebertpub.com/ebi/,1524-0142
b6b26b43-2fef-41ad-98b9-af7ba33afa6b,Journal of the Medical Association of Thailand = Chotmaihet thangphaet,,0125-2208
910f05b9-f423-44fc-9fc1-c6b3d2481fe0,Journal of Foot and Ankle Research,http://www.jfootankleres.com/,1757-1146
137df871-0be4-4ea4-9f85-52b2b36070a3,Journal of the American Dental Association,http://www.sciencedirect.com/science/journal/00028177,0002-8177
f99f77b7-b1b6-44d3-984a-f288e9884b9b,Scientific Reports,http://www.nature.com/srep/,2045-2322
b5d743df-8523-464c-a1f4-10ead6be30a6,Yeungnam University Journal of Medicine,http://yujm.yu.ac.kr/,1225-7737
8f99db2e-5ab5-462f-829a-8eeced9b7be1,Journal of chromatography. A,http://www.elsevier.com/locate/chroma,0021-9673
ed779cb8-b256-4933-85c7-2ca9868bb58b,Journal of environmental management,http://www.elsevier.com/wps/find/journaldescription.cws_home/622871/description#description,0301-4797
5fb10eaf-a09b-4e33-a397-37d9210767e5,Journal of Experimental Biology,https://jeb.biologists.org/,0022-0949
552d0a68-9aa4-4518-b8c4-666b3d9e0fef,Journal of Acquired Immune Deficiency Syndromes (1999),http://ovidsp.ovid.com/ovidweb.cgi?T=JS&amp;AN=00126334-000000000-00000&amp;CSC=Y&amp;D=ovft&amp;NEWS=n&amp;PAGE=toc,0894-9255
cf33e1f1-4e08-40d3-89b4-ca4ff2b66125,Journal of Management and Humanity Research,,2582-7766
22fa9d61-53c5-41ed-9de0-f4d601bc7347,Journal of Pastoral Care & Counseling,http://journals.sfu.ca/jpcp/index.php/jpcp,1542-3050
7946ed64-b41c-474b-bcba-636664f5df02,The FEBS Journal,http://www.blackwell-synergy.com/servlet/useragent?code=ejb&func=showIssues,1742-464X
dde2f643-6f46-48ec-82a6-6f398b3b0d0b,IEEE Communications Letters,http://www.comsoc.org/CL,1089-7798
f498f529-8b18-4bdb-93a9-f3123a14a833,Psychiatria polska,http://www.psychiatriapolska.pl/,0033-2674
18bd75fb-03db-4a15-ba44-fe2fecdef51b,Bulletin of Environmental Contamination and Toxicology,https://link.springer.com/journal/128,0007-4861
3687d0a0-e583-4c86-b239-50d545661574,Diseases of the Colon & Rectum,https://journals.lww.com/dcrjournal/pages/default.aspx,0012-3706
70cd7ad3-6635-4b16-8dce-7ef15977ebdb,Optics and Photonics Journal,https://www.scirp.org/journal/opj/,2160-8881
3e924bb0-3731-4d92-9423-2cc0388e6d82,Zhonghua yi xue za zhi,http://zhyxzz.yiigle.com/,0376-2491
3c26139d-3b45-4ab8-97d3-059246312705,Polar Biology,https://www.springer.com/life+sciences/ecology/journal/300,0722-4060
8e374fd7-664a-498f-9dc8-f0e1a9f358dd,Minerva medica,,0026-4806
d1d486ec-2c87-4721-8bca-f399625d18e5,Archives of biochemistry and biophysics,http://www.elsevier.com/locate/yabbi,0003-9861
db54ab8b-cf08-4de6-b69a-0fae0f4ab997,Poultry Science,https://www.journals.elsevier.com/poultry-science,0032-5791
e8ed6f59-efdb-4516-96f6-7b427c9f1c21,Revista espanola de cardiologia,https://www.revespcardiol.org/,0300-8932
e1c5dcc4-7454-4f13-be9e-d45ac7c88ba7,Clinical Nuclear Medicine,https://journals.lww.com/nuclearmed,0363-9762
6ae5af1a-c876-4790-a0a9-2a319cc86eea,Arzneimittel-Forschung,https://www.thieme.de/de/arzneimittelforschung-drug-research/journal-information-4521.htm,0004-4172
98dbdba6-7038-4051-a96c-357ab826ee7a,Perspectives in Biology and Medicine,https://muse.jhu.edu/journal/152,0031-5982
396750b3-c753-4765-b283-ca20a4ddd616,Neurosurgery,http://www.neurosurgery-online.com/,0148-396X
9eee5892-5ec1-43c5-8b55-447ccd2ea709,Health Physics,http://www.health-physics.com/,0017-9078
900c81e6-225b-4082-ab9f-6ce96de83f5d,Nan fang yi ke da xue xue bao = Journal of Southern Medical University,,1673-4254
027ffd21-ebb0-4af8-baf5-911124292fd0,Molecular Medicine,http://biorxiv.org/,
fc42e269-2a82-46d5-9175-2fd5bba88d78,The European Journal of Health Economics,https://link.springer.com/journal/10198,1618-7598
346d37c6-8ac8-4510-9273-a445b61e92dd,Oncology,https://www.karger.com/Journal/Home/223857,0030-2414
befe79e7-4edb-4281-9c6b-d16dbe123330,Edinburgh Medical Journal,http://opacplus.bsb-muenchen.de/title/414086-2,0367-1038
4c1bc8cf-5a6c-4b67-8d4a-dbc2ce7a06ae,Clinical Endocrinology,http://onlinelibrary.wiley.com/journal/10.1111/(ISSN)1365-2265,0300-0664
9748b6b2-3e9d-4c15-a9ec-f42ac7fe320a,Canadian hospital,,0008-3798
7d24457b-a218-444c-841d-15d85c81040d,Przeglad lekarski,http://www.wple.net/plek/przeglad_lekarski.htm,0033-2240
a3da0b9b-c8ef-4c37-94d3-27c2d2dd4e90,American journal of orthodontics,http://www.sciencedirect.com/science/journal/00029416,0002-9416
77763466-b39a-4c8d-b3f9-c704a5a7edf6,Emergency medical services,,0094-6575
1558bc92-3574-4cd1-9b9a-0fccd2957ffe,Zeitschrift fur Allgemeinmedizin,,0300-8673
dfdde60d-e443-430c-bb53-79e8211963cf,Gazette medicale de France,,0016-5557
2ffaf997-f719-4744-8142-983c334b1797,"American journal of orthodontics and dentofacial orthopedics : official publication of the American Association of Orthodontists, its constituent societies, and the American Board of Orthodontics",http://www.elsevier.com/wps/find/journaldescription.cws_home/623219/description#description,0889-5406
98948668-0c44-4dc4-8ff2-5b6ba84c3fb7,Zeitschrift fur Hautkrankheiten,https://onlinelibrary.wiley.com/journal/16100387,0301-0481
0e68f952-7316-4b0e-9470-7e833d0eafa6,HNO,https://link.springer.com/journal/106,0017-6192
baca7f5a-2d4f-4158-b527-ab08fb52845f,American Journal of Human Biology,http://www3.interscience.wiley.com/cgi-bin/jhome/110503582,1042-0533
73ea77b0-3d9c-4b35-b2b0-a1e0af5b5b75,Journal of clinical gastroenterology,http://www.jcge.com/,0192-0790
6ee4e999-fe72-422e-9d62-708ce1471470,Minerva chirurgica,,0026-4733
be767b53-ec92-42d8-9b36-cebc40671619,Journal of Micromechanics and Microengineering,http://www.iop.org/EJ/journal/JMM,0960-1317
e46002a1-d7a6-4681-aae9-36bc3a6a1f93,Information Sciences,http://www.sciencedirect.com/science/journal/00200255,0020-0255
45723ce3-7b17-4d2b-92c0-c9f30be1a6a1,HLA,http://eu.wiley.com/WileyCDA/WileyTitle/productCd-TAN.html,2059-2302
8c0f0951-6d54-4605-beb5-88e7849cc2a6,ACS biomaterials science & engineering,https://pubs.acs.org/action/showLargeCover?issue=1&jcode=abseba&vol=1,2373-9878
7a4cdb93-dcf1-435f-ade6-dbd70a634d29,Nederlands tijdschrift voor geneeskunde,https://www.ntvg.nl/,0028-2162
73c0d858-63b7-43b5-8109-f027a509e8b6,American Journal of Medical Genetics Part A,http://www3.interscience.wiley.com/cgi-bin/jabout/33129/ProductInformation.html,1552-4825
6499d076-6328-4c2c-8f87-d75c624eb530,Structure,https://www.cell.com/structure/home,0969-2126
4b1fd7f5-3b44-452b-b185-dcd785a81edf,Environmental research,https://www.journals.elsevier.com/environmental-research/,0013-9351
9f15b6a9-a062-41be-a397-bcce86eabb41,Annals of Thoracic and Cardiovascular Surgery,http://www.atcs.jp/,1341-1098
3dc20922-3913-4122-925d-6b044c08c12f,Journal of structural biology,https://www.journals.elsevier.com/journal-of-structural-biology/,1047-8477
92e5a24d-eeb8-42a4-a290-a40667894cf5,Journal of Pain and Symptom Management,http://www.jpsmjournal.com/home,0885-3924
15049b43-0af1-46bb-8a0b-83e5510cefa0,Journal of agricultural and food chemistry,https://pubs.acs.org/journal/jafcau,0021-8561
a3454210-a0d5-451a-8456-ef58557c4632,Cambridge Opera Journal,https://www.cambridge.org/core/journals/cambridge-opera-journal,0954-5867
9b2de120-0345-4845-b4f5-cce0bf4338b0,Rapid communications in mass spectrometry : RCM,http://www3.interscience.wiley.com/cgi-bin/jhome/110429751,0951-4198
2c469df0-fa01-4dee-8f25-0d87a6fc4ef1,PROTEOMICS,http://onlinelibrary.wiley.com/journal/10.1002/(ISSN)1615-9861,1615-9853
3c4394f2-588b-43c0-bcf9-a0ef028e11e2,Geological Magazine,https://www.cambridge.org/core/journals/geological-magazine,0016-7568
d0c10ac8-46d9-4816-a350-37ef883b23e8,Journal of Craniofacial Surgery,http://www.jcraniofacialsurgery.com/,1049-2275
2c1f0cb4-af94-4b6d-ab03-1fc4e0d4169f,Journal of Modern Science,https://www.ceeol.com/search/journal-detail?id=229,1734-2031
4a3b85d1-a9bd-4dde-a336-a6cae78b0482,Journal of Philosophical Logic,http://www.springer.com/philosophy/logic/journal/10992,0022-3611
2633f5b2-c15c-49fe-80f5-07523e770c26,IEEE Access,http://www.ieee.org/publications_standards/publications/ieee_access.html,2169-3536
d741ad2b-c57e-4b4a-a8b7-1aaeb70d96b4,"Journal of Surface Investigation. X-ray, Synchrotron and Neutron Techniques",https://link.springer.com/journal/11700,1027-4510
28148b64-bce5-4f88-a9a6-664735732a0f,Annals of Medicine and Surgery,http://www.sciencedirect.com/science/journal/20490801/,2049-0801
52594fde-c7e9-4b76-9bb6-f268cfacae53,International Journal of Orthopaedics Sciences,http://www.orthopaper.com/,2395-1958
8df9044b-0351-4d94-8c19-57f8446fe6a1,Indian Journal of Pharmacy and Pharmacology,https://www.ipinnovative.com/journals/IJPP,2393-9079
d2086b1e-a8ee-4f69-81d4-8b7c43b3861b,Powder Metallurgy and Metal Ceramics,http://link.springer.com/journal/11106,0032-4795
b4e58d87-c012-4bee-8e4c-fea04b5094f0,Irish medical journal,http://www.imj.ie/,0332-3102
459ca45a-35b5-468b-8287-daffcd7d5acc,Aerospace medicine and human performance,http://www.asma.org/journal/,2375-6314
8a4c6407-d5df-4cba-98fa-53d475ad8faa,AIDS research and human retroviruses,http://www.liebertpub.com/aid,0889-2229
a30b60d8-8a5b-42a4-b504-5fca84f64f73,Psychiatry Investigation,http://www.knpa.or.kr/,1738-3684
07ffccdd-217b-4082-9708-128ec80a1338,Revista espanola de enfermedades digestivas : organo oficial de la Sociedad Espanola de Patologia Digestiva,http://scielo.isciii.es/scielo.php/script_sci_serial/pid_1130-0108/lng_es/nr/lng_en,1130-0108
47464297-4c88-44d5-9112-53a865e99be5,Applied optics,http://www.opticsinfobase.org/,1559-128X
51e83cad-0055-4038-8da5-cb49da2a016a,"Plant Cell, Tissue and Organ Culture",https://link.springer.com/journal/11240,0167-6857
043f505b-68a5-43c2-bed4-09a34982173e,Journal of clinical psychology,http://www3.interscience.wiley.com/cgi-bin/jhome/31171,0021-9762
cbf8792f-e5da-4b72-8a49-80755d7abf39,Revista espanola de medicina nuclear,https://www.elsevier.es/es-revista-revista-espanola-medicina-nuclear-e-125-numeros-anteriores,0212-6982
177d108f-bedb-4283-af7f-6d3919529bbc,Cancer Chemotherapy and Pharmacology,https://www.springer.com/medicine/oncology/journal/280,0344-5704
6c24a0a0-b07d-4d7b-a19b-fd09a3ed453a,Nature,https://www.nature.com/,0028-0836
28477905-a66a-4e48-bf6e-2c3518b17bf0,Laryngo- rhino- otologie,https://www.thieme.de/de/laryngo-rhino-otologie/profil-12497.htm,1615-0007
3f93c423-8b91-4f5b-bd95-d36515c1c553,Acta cytologica,http://www.acta-cytol.com/,0001-5547
3227dfc6-3c54-47e6-a0fc-39be9c511d98,Zeitschrift für Gerontologie und Geriatrie,https://link.springer.com/journal/391,0948-6704
32d29099-0305-4734-b3ec-534d630e10ff,Oncology Letters,https://www.spandidos-publications.com/,1792-1074
12ace622-3f87-4fa5-99e2-48cc71da77d7,Clinical Anatomy,http://www3.interscience.wiley.com/cgi-bin/jhome/109875443,0897-3806
7a81d01c-ee3f-4f27-b696-01f35da67f22,Analytica chimica acta,http://www.elsevier.com/wps/find/journaldescription.cws_home/502681/description#description,0003-2670
9f90c52e-917d-486f-a6a6-e37a9a706d32,Histoire des sciences medicales,http://www.biusante.parisdescartes.fr/sfhm/revue.htm,0440-8888
b2be1780-2781-4025-9bb8-8147463f35a2,The Gerontologist,http://gerontologyjournals.org/,0016-9013
9e2e9269-64bd-4c32-83e5-c4da76645611,Revue neurologique,http://www.elsevier.com/wps/find/journaldescription.cws_home/709685/description#description,0035-3787
2294caa9-0a4e-478e-9cad-c0218907d492,Intensive Care Medicine,https://link.springer.com/journal/134,0342-4642
8815dd4f-a3bf-4ba4-8085-f88fd437a4c5,European Journal of Applied Physiology,https://www.springer.com/biomed/human+physiology/journal/421,1439-6319
871bdcd3-3901-4df4-8581-725f38214165,Journal of Child Neurology,http://jcn.sagepub.com/,0883-0738
01c93b25-c79d-47c7-8eb6-79ac1e1d685f,Intelligent Automation and Soft Computing,http://www.tandfonline.com/loi/tasj20#.UjsltKzqOSo,1079-8587
638d1b1c-6c05-4b65-aa2e-ace42ee26e95,Erkenntnis,https://www.springer.com/philosophy/journal/10670,0165-0106
9bdb673f-49a2-4f38-b2fc-618ea577a4ad,The Auk,http://elibrary.unm.edu/sora/Auk/index.php,0004-8038
185d0b79-ac59-4503-bb30-14fca2190fc0,Advanced pharmaceutical bulletin,https://apb.tbzmed.ac.ir/,2228-5881
7831aec9-5840-4369-b43c-ed24bccb6fdf,Bratislavske lekarske listy,https://www.bmj.sk/,0006-9248
136c8b3d-48ba-4a61-bcd1-f04045312cd3,Journal of EU Research in Business,http://www.ibimapublishing.com/journals/JEURB/jeurb.html,2165-9990
7a7dc89b-e1a6-44df-a496-46c330a87840,SN Computer Science,https://link.springer.com/journal/42979,2661-8907
d5da7004-7b61-450a-9c7d-a39500de7acf,IEEE Signal Processing Letters,http://ieeexplore.ieee.org/servlet/opac?punumber=97,1070-9908
b8b7ca92-baf8-4895-ab4d-2ff0754c865e,Annals of cardiothoracic surgery,http://www.annalscts.com/,2225-319X
ad2ae6f7-53e8-442e-900a-bd9ab7ff3865,Pediatric Research,http://www.nature.com/pr/,0031-3998
2f6dc6c9-f90a-4dfe-8a86-3949bc86aea2,Drugs,https://link.springer.com/journal/40265,0012-6667
4c9bb7e5-0c3b-4021-87ba-7c49a56f9d5b,American Journal of Archaeology,https://www.ajaonline.org/,0002-9114
8de99deb-a336-474f-bec3-8b50f6e9e581,Philosophy Today,http://pao.chadwyck.com/journals/results.do?QueryType=journals,0031-8256
c2d2f226-917d-4d4a-8e15-193125d1da93,Journal of Plant Research,http://www.springer.com/life+sci/plant+sciences/journal/10265,0918-9440
b9047042-f0bc-462d-bb5a-8ed2de73e550,Journal of women's health,http://www.liebertonline.com/jwh,1540-9996
30a3516f-33cf-46d0-bd04-26474fc49522,Ultrasound in Obstetrics & Gynecology,http://www.interscience.wiley.com/,0960-7692
3602650f-9fe5-4078-9a5f-d8c95032a34a,Central European History,http://journals.cambridge.org/action/displayJournal?jid=CCC,0008-9389
9d4d5a77-8e41-4e91-bd4a-d55553fcc957,Developmental science,http://onlinelibrary.wiley.com/journal/10.1111/(ISSN)1467-7687,1363-755X
991d321a-61b6-4c0e-92a9-afe4b2f68264,The China Quarterly,http://journals.cambridge.org/action/displayJournal?jid=CQY,0009-4439
0ce045cd-d837-4b80-98f4-715483fc1962,Psychological Reports,http://www.amsciepub.com/loi/pr0,0033-2941
8c23a1c5-cdf7-4cc9-94ff-287aaed63749,The Journal of Clinical Ethics,http://www.clinicalethics.com/,2187-6134
8f6e0f68-be8a-4ba7-9f7f-b17fc432f478,Australasian Journal of Dermatology,http://www.blackwell-synergy.com/loi/ajd,0004-8380
1bce206e-68bb-4431-9d27-9d8a5072005f,Pharmaceutical Chemistry Journal,http://www.kluweronline.com/issn/0091-150X/,0091-150X
4f4377a9-e0af-4ede-bb09-a02f662d27a9,European Journal of Plant Pathology,http://link.springer.com/journal/10658,0929-1873
f554e418-c500-4d29-9479-d813026a6cae,Khirurgiia,,0450-2167
a8009bad-664b-465f-9fc2-8656bc637bc4,Advances in experimental medicine and biology,https://www.springer.com/series/5584,0065-2598
607fb06f-dfb3-4bbf-9815-ffde1115a105,Journal of Thoracic Oncology,http://journals.lww.com/jto/pages/default.aspx,1556-0864
fb27311b-7236-4828-ac26-ffbf0eec5dc8,Scientific American,"http://search.epnet.com/login.aspx?authtype=ip,uid&defaultdb=sfh&profile=sciamehost",0036-8733
0cb93666-8c83-4aa0-8b3a-ff24f0c4b9fc,Cancer Management and Research,https://www.dovepress.com/cancer-management-and-research-journal,1179-1322
d64970b5-c111-42a8-aef4-66705a3b73dd,ArXiv,https://epubs.siam.org/journal/sjcodc,0363-0129
b2fd8f55-bf84-45e9-8845-a6ea0d69b310,"Zhurnal mikrobiologii, epidemiologii, i immunobiologii",https://microbiol.elpub.ru/,0372-9311
7b7c2393-3374-4ff0-9dd6-a33e45f01927,Acta medica Okayama,http://www.lib.okayama-u.ac.jp/www/acta/,0386-300X
39da5af4-7f26-4cc8-8363-968068328ded,Biotechnology Journal,http://www3.interscience.wiley.com/journal/110544531/home,1860-6768
0c74341d-dff9-455e-a401-8950f0826867,Zygote,https://www.cambridge.org/core/journals/zygote/all-issues,0967-1994
d43a01dc-0d69-42a8-98c9-8001bd35f1f8,NJCA (Nusantara Journal of Computers and Its Applications),,2527-9815
bade12e5-f20e-4b51-83a6-534e3705569a,Journal of animal science,http://www.asas.org/jas/,0021-8812
d2c8b74f-b358-41e9-907f-6d8f9fa0c547,Russian Journal of Legal Studies,http://russianjls.com/,2409-627X
ba401745-5ee6-42c6-883a-182f0aa0a8c5,Endoscopy,https://endoscopy.thieme.com/,0013-726X
15ccb98b-6b97-45c2-9cf1-b85015b6a729,Acta Neuropsychiatrica,http://onlinelibrary.wiley.com/journal/10.1111/(ISSN)1601-5215,0924-2708
ea85ba07-ca09-47d5-8626-f0df6ab56312,"Materials science & engineering. C, Materials for biological applications",https://www.journals.elsevier.com/materials-science-and-engineering-c/,0928-4931
1f6a6b6e-149c-489e-b919-f10e05d8569e,AFRREV STECH: An International Journal of Science and Technology,,2225-8612
cb6a988a-6c3d-4ff8-aa8c-7ee9bbcee460,History of Humanities,https://www.journals.uchicago.edu/toc/hoh/current,2379-3163
aa22ba5c-fb03-4b2b-89f5-360bed5a4cfb,L'Année sociologique,https://www.puf.com/Collections/Ann%C3%A9e_sociologique_-l--,0066-2399
567a5f12-d8a9-49f7-962b-d78b5fc5a6ac,International Journal of Electrical and Electronic Engineering & Telecommunications,http://ijeetc.com/,2319-2518
5335e49b-808e-44d3-bb5d-1f76b82aa45e,Nutrition & Food Science,https://www.emerald.com/insight/publication/issn/0034-6659,0034-6659
34e959c8-272f-4460-aa67-7cfc351960ad,Gastroenterology & hepatology,https://www.gastroenterologyandhepatology.net/,1554-7914
a465004f-0e40-4504-900c-9f6cbd20d5f4,Rinsho byori. The Japanese journal of clinical pathology,,0047-1860
9b975127-186d-4b72-b03c-7b63988f3aec,European journal of biochemistry,https://onlinelibrary.wiley.com/journal/17424658,0014-2956
4431daa4-da7f-4fbc-9d1b-6ac7f82b2e3e,American journal of obstetrics and gynecology,http://www.harcourthealth.com/scripts/om.dll/serve?action=searchDB&id=ob&searchDBfor=home,0002-9378
111644b3-f1fb-4efa-a7cf-9a6b74af6da5,The Science of Nature,https://ojs3.unpatti.ac.id/index.php/sciencenature/,2654-6264
d0046ca9-9064-464a-ab1f-8947412a4f14,Analytical biochemistry,http://www.elsevier.com/wps/find/journaldescription.cws_home/622781/description#description,0003-2697
73db2f88-e2f8-45b4-8d52-0a89a9d0e239,Nature Reviews Urology,http://www.nature.com/nrurol/,1759-4812
2b946b35-df57-49f8-9d9a-045ee806060f,Albrecht von Graefes Archiv für Ophthalmologie,https://link.springer.com/journal/volumesAndIssues/417,0376-0200
6dc78f19-d8c3-4d94-87e0-6a65e5e90641,Rinsho shinkeigaku = Clinical neurology,,
822eb55e-c539-45c0-8d69-80730d2a9639,Zentralblatt fur Gynakologie,https://www.thieme-connect.de/products/ejournals/journal/10.1055/s-00000105,0044-4197
d56ebe2f-b08f-4b5c-ae3a-63144701ed04,Comput. Secur.,http://www.sciencedirect.com/science/journal/01674048,0167-4048
396366a4-a1ba-422b-a9ff-1471ee08eab8,Acta Cybern.,http://www.inf.u-szeged.hu/actacybernetica/,0324-721X
98ea9a6a-c9d7-4b4e-97ec-ee582bd62fa2,Electron. J. Comb.,http://www.emis.de/journals/EJC/index.html,1077-8926
b08a0dfd-e5a9-4a0a-a1d5-16a2b8985937,The American journal of emergency medicine,http://www.journals.elsevierhealth.com/periodicals/yajem,0735-6757
688ca3af-cc7f-4b93-89e5-bf7daa4f8ce9,Chemistry and Technology of Fuels and Oils,http://www.kluweronline.com/issn/0009-3092/,0009-3092
f3358047-5fa1-4315-9473-4bb4c19cb756,Int. J. Bifurc. Chaos,http://www.worldscinet.com/ijbc/ijbc.shtml,0218-1274
391910d2-0406-4b4e-a3e9-ee16942e3b84,The American journal of geriatric psychiatry : official journal of the American Association for Geriatric Psychiatry,http://ovidsp.ovid.com/ovidweb.cgi?T=JS&amp;AN=00019442-000000000-00000&amp;CSC=Y&amp;D=ovft&amp;NEWS=n&amp;PAGE=toc,1064-7481
56a31f29-95a9-44ce-8dd7-95809bcfdfc3,PDA journal of pharmaceutical science and technology,http://www.biotechmedia.com/y2001-ed-pda.html,1079-7440
9c1528bc-37b9-4558-bde6-4b171c8e6cb2,The British journal of radiology,http://bjr.birjournals.org/,0007-1285
0199040d-80b8-461d-b4d3-66056764c7bc,Die Pharmazie,https://pharmazie.govi.de/,0031-7144
6565bc17-8e57-4872-a632-2ebf24e8bc06,Revista Brasileira de Medicina de Família e Comunidade,,0034-7264
98c61acc-a8fc-4fde-a125-33bbfd87206e,login Usenix Mag.,https://www.usenix.org/publications/login/,1044-6397
a714ad7c-92bf-4c88-ba04-b0086fb72e7a,Nursing times,https://www.nursingtimes.net/,0954-7762
b4f4830c-d0f0-4e78-ae6d-ece3bf3d10d8,Meditsinskaia radiologiia,,0025-8334
a3a133fa-8f7c-43dd-85a8-ea7f85c69290,The Journal of practical nursing,,0022-3867
ba924ba6-53e9-40b5-aaaa-eac478d7f794,Aerospace medicine,,0001-9402
d29bb04c-59e3-4f7a-9113-26615223c3fc,Geriatric nursing,http://www.elsevier.com/wps/find/journaldescription.cws_home/623088/description#description,0197-4572
5ebc36a9-641d-4e41-bc32-7d884877b6c6,International Journal of Dairy Science,http://www.academicjournalsinc.com/current.php?jid=1811-9743,1811-9743
01c7a86f-47d6-4459-8052-37d94f99a653,Biomedical and Environmental Sciences,https://www.journals.elsevier.com/biomedical-and-environmental-sciences,0895-3988
90b4735b-3fd0-4510-8dae-00b9390899bf,The Journal of the Kansas Medical Society,,0022-8699
433763a5-3f36-4819-8240-bbb631740085,Nihon rinsho. Japanese journal of clinical medicine,,0047-1852
a5913268-3957-484f-b41f-347b0ba23338,Journal of clinical oncology : official journal of the American Society of Clinical Oncology,https://ascopubs.org/loi/jco,0732-183X
25248f80-fe99-48e5-9b8e-9baef3b8e23b,IEEE Transactions on Pattern Analysis and Machine Intelligence,http://www.computer.org/tpami/,0162-8828
706aa543-e18f-4ead-9b21-4fdd29bff2a9,Action in Teacher Education,http://vnweb.hwwilsonweb.com/hww/Journals/getIssues.jhtml?issn=0162-6620&sid=HWW:EDUFT,0162-6620
e6a9f76b-5239-4afd-9b6d-ec6007ae5b01,Currents in pharmacy teaching & learning,https://www.journals.elsevier.com/currents-in-pharmacy-teaching-and-learning,1877-1297
cf8e7aaa-7382-440f-a097-aa870631e8e0,The Journal of Geology,http://www.journals.uchicago.edu/JG/,0022-1376
ad341cbc-8727-43dc-9a23-a05966ce1f25,Japanese Journal of Applied Physics,http://www.ipap.jp/jjap/,0021-4922
f17cd7ca-00ba-4cc7-b5d6-00d907cb14ca,Drug Development and Industrial Pharmacy,http://www.informapharmascience.com/ddi,0363-9045
643b0c17-99ac-463b-81c4-df44ad66e34d,Annals of Internal Medicine,http://www.acponline.org/journals/annals/annaltoc.htm,0003-4819
c0d762a5-d1c5-4428-b8fb-7a95a5d1853c,Journal of Cosmetic Dermatology,http://onlinelibrary.wiley.com/journal/10.1111/(ISSN)1473-2165,1473-2130
d4f21b1e-9e5f-4826-b4ab-b28cdefd0f57,Journal of immunological methods,https://www.journals.elsevier.com/journal-of-immunological-methods,0022-1759
9d1b6c0f-be3f-43da-9e3e-487464a59986,Nursing management,http://rcnpublishing.com/journal/nm,1354-5760
fc764fb2-441b-4a54-aabb-555f5b6ce1f5,Korean Journal for Food Science of Animal Resources,http://ocean.kisti.re.kr/IS_mvpopo210L.do?amp;kojic=CSSPBQ&amp;poid=ksfsar&method=list,1225-8563
8dea56ff-1fb7-4dcd-9cd9-b6c18d7fcf8c,Journal of plant physiology,https://www.journals.elsevier.com/journal-of-plant-physiology/,0176-1617
9aef3b55-2b26-4ede-8def-fcd0839b7d9d,Stroke,http://stroke.ahajournals.org/,0039-2499
1f732346-014b-468b-af67-371e4fd031b4,Annales Universitatis Mariae Curie-Sklodowska. Sectio D: Medicina,https://fsmj.ru/,2308-9113
07cdd50b-b8ae-4d6a-a59a-cc06582d3287,Life support systems : the journal of the European Society for Artificial Organs,,0261-989X
a82c6245-8223-4542-a61a-122eadde10fb,Cell Proliferation,http://www.interscience.wiley.com/jpages/0960-7722/,0960-7722
afdd2d91-e55a-48e5-a990-fab6c266a816,European Journal of Neurology,http://www.sagepub.com/journals/Journal201625/title,1545-9683
07a7931f-f249-4ae5-8cce-dd0ab1903d5a,The Journal of hospital infection,http://www.harcourt-international.com/journals,0195-6701
72ccaa51-bbe7-4b6c-b763-48063d12d485,Genetica,http://www.springer.com/life+sciences/journal/10709,0016-6707
cbd2f27e-09bb-4b4f-bae6-4492cfa1a978,California and western medicine,,0093-4038
7698ac5f-22c2-455e-9a54-c47cc6b0da11,Zeitschrift fur Unfallmedizin und Berufskrankheiten. Revue de medecine des accidents et des maladies professionelles,,0044-3603
e227f350-ee82-4fb2-95a7-ea54ca9be690,Morphologie et embryologie,,0377-5038
6806a4fd-e465-4e63-aa7f-b8151ddee3a4,Inflammatory bowel diseases,http://onlinelibrary.wiley.com/journal/10.1002/(issn)1536-4844,1078-0998
476b8ce6-a736-40f6-9b80-59ae562407d4,Journal of management in medicine,https://www.emeraldinsight.com/journal/jmm,0268-9235
b6e9b869-3e68-42c6-ab41-146d8c393239,Acta endocrinologica,http://www.acta-endo.ro/,0001-5598
dbac407e-bbb8-4563-9030-5fa685719531,Horizons,https://www.emerald.com/insight/publication/issn/1074-8121,1857-856X
875343c4-7a7d-476a-bcf4-37487749bd36,The American journal of nursing,http://www.ajnonline.com/pt/re/ajn/home.htm;jsessionid=D8IrvYWQbd7q4A7Au1Lu3cFSJuXcVZqm2YnPJ5hBG52cgZw2htKx!958525354!-949856144!9001!-1,0002-936X
940462b0-c2ae-4cda-9e10-e3d7cffc353d,European Journal of Teaching and Education,https://www.dpublication.com/ejte/,2669-0667
ebed367d-6818-4a5c-b5f9-fccdd32d3431,Kentucky nurse,,0742-8367
55ac51ae-2fa9-4ac5-9d41-ded45d38fe28,Journal of Clinical Pharmacy and Therapeutics,http://onlinelibrary.wiley.com/journal/10.1111/(ISSN)1365-2710,0269-4727
c14021b1-9b97-4f28-93f9-75c4054565e6,Journal of glaucoma,http://www.glaucomajournal.com/,1057-0829
3a9b84c7-227d-4c74-82e4-f5fb6df20140,Journal of the American Academy of Dermatology,http://www.mosby.com/jaad,0190-9622
592507fd-0739-4855-ae80-eb3dabbce52c,Transplantation proceedings,http://www.elsevier.com/wps/find/journaldescription.cws_home/600114/description#description,0041-1345
da3aa7f4-bf6a-4701-b7b6-10b307db90df,IEICE Trans. Electron.,https://search.ieice.org/bin/index.php?category=C&curr=1&lang=E,0916-8524
afa2249c-69dc-4fa5-b85e-f3395766561b,The Journal of nutrition,http://www.nutrilife.pl/jnl,2300-8938
26ed29a9-64ce-4d6c-9024-8b022fd2fe22,The Journal of Supercomputing,http://www.springer.com/computer/programming/journal/11227,0920-8542
89147d81-4abd-4d8d-972b-79613a41804e,Annals of allergy,,0003-4738
9c325f93-fc57-49ae-bae2-b8b52260d1d4,Journal of Roman Archaeology,https://www.journalofromanarch.com/,1047-7594
e21035a5-0660-4372-a981-9789d24ac1ff,Medycyna pracy,http://www.imp.lodz.pl/oficyna/baza_czasopism/medpr,0465-5893
51278f27-cfdd-4938-81e4-9d54ca7b3cd0,Cells,http://www.e-helvetica.nb.admin.ch/directAccess?callnumber=bel-225453,2073-4409
31360f9e-e93e-467e-9b41-9fdb3e15ca5a,Medicinal Research Reviews,http://www3.interscience.wiley.com/cgi-bin/jtoc?ID=34185,0198-6325
2f9ee757-886e-482e-93c3-8065b9912e63,Lakartidningen,http://www.lakartidningen.se/,0023-7205
b3007da0-8560-489e-a1de-937fd96195fc,Developmental Medicine & Child Neurology,http://onlinelibrary.wiley.com/journal/10.1111/(ISSN)1469-8749,0012-1622
e4866174-bf20-4fac-a8e3-2f02202f3cd8,Comput. Chem. Eng.,http://www.elsevier.com/wps/find/journaldescription.cws_home/349/description#description,0098-1354
9af52a28-9ef6-464c-b01e-72be415f53c9,Algal Research,https://www.journals.elsevier.com/algal-research/,2211-9264
ee0ae15b-f071-4a27-b8f3-2fb08af62fae,Inf. Serv. Use,https://content.iospress.com/journals/information-services-and-use,0167-5265
c1910748-cf51-4346-9f09-55d2a5775843,Journal of applied physiology,https://www.physiology.org/journal/jappl,0021-8987
b5fb729c-41d1-4db6-b4f3-4c23f8ba5294,Psychonomic Bulletin & Review,https://www.springer.com/psychology/cognitive+psychology/journal/13423,1069-9384
b37be024-e5a5-49d9-a68f-22e8d74fe096,Molecular immunology,http://www.elsevier.com/locate/molimm,0161-5890
51db9a3d-3396-4131-b3b2-1f7a1cdae9c9,Food & function,http://www.rsc.org/publishing/journals/fo/about.asp,2042-6496
d2b6f83d-a912-40d2-af6d-03ad01c81c5e,Journal of dental education,http://www.jdentaled.org/,0022-0337
3e2e877c-b4d0-4436-90f8-1eb7e0c9b77c,Journal of Nondestructive Evaluation,https://link.springer.com/journal/10921,0195-9298
c1e3e9e7-16cd-4a0c-90e0-fd54b22deb01,Marine pollution bulletin,https://www.journals.elsevier.com/marine-pollution-bulletin,0025-326X
ccd8e532-73c6-414f-bc91-271bbb2933e2,Electronics,http://www.electronics.etfbl.net/,1450-5843
fff3549c-df24-4aef-accb-a33ae442a828,Journal of Marine Science and Engineering,https://www.mdpi.com/journal/jmse,2077-1312
8cc2b0d9-857b-4a8f-ba25-238e9e224c88,Macromolecular chemistry and physics,http://onlinelibrary.wiley.com/doi/10.1002/macp.201500490/abstract,1022-1352
c8467136-289e-49bd-a515-8183ee2e8604,Journal of Algebra and Its Applications,http://www.worldscinet.com/jaa/jaa.shtml,0219-4988
d8fc27e3-52dd-4758-bc70-1983b8a26797,Inf. Comput.,http://www.elsevier.com/wps/find/journaldescription.cws_home/622844/description#description,0890-5401
63ec3d3e-fea0-4ff3-8f6b-b73ab6c91778,Journal of Financial Crime,https://www.emerald.com/insight/publication/issn/1359-0790,1359-0790
51ccd406-d8bf-4e43-bcff-8f0aded26c15,Acta Neuropathologica Communications,https://actaneurocomms.biomedcentral.com/,2051-5960
8506a01a-40b8-4e6f-bbb8-ce2492139c15,International Journal of Molecular Sciences,http://www.e-helvetica.nb.admin.ch/directAccess?callnumber=bel-157693,1422-0067
e518e9bb-0f9c-46d9-8900-44ba2d7d8600,MUSCULOSKELETAL SURGERY,https://link.springer.com/journal/volumesAndIssues/12306,2035-5114
bd08f6cc-3503-4b7e-a948-9974c2d4ef6e,Journal of Molecular Histology,https://link.springer.com/journal/10735,1567-2379
f9a08b14-bcba-4a8e-bfa5-22f6856c5ce1,Pediatric Pulmonology,http://www.interscience.wiley.com/jpages/8755-6863/,1099-0496
34926d04-db90-43ec-8891-1cae74c17a1e,Ind. Robot,https://www.emerald.com/insight/publication/issn/0143-991x,0143-991X
9b6db04a-2990-4cf9-a14c-01d47636ee53,Blood,http://www.bloodjournal.org/,0006-4971
895f40c9-c3f4-4b8e-9ff1-31b11193ad84,Clinical and experimental immunology,http://onlinelibrary.wiley.com/journal/10.1111/(ISSN)1365-2249,0009-9104
27463caa-f361-420e-afb2-77c6be2a1337,Psychiatry and Clinical Neurosciences,,0019-1604
33cf9dfc-d92b-46f1-a71a-c9777810486d,Neurochemical Research,http://www.kluweronline.com/issn/0364-3190/contents,0364-3190
4872e1af-0a00-4b63-b6ca-8d4685ef46ff,Clinical Physiology and Functional Imaging,http://www.blackwell-synergy.com/servlet/useragent?code=cpf&func=showIssues,1475-0961
bfa3f31e-20a6-41a2-a221-096d7a6b6f00,Edunesia : Jurnal Ilmiah Pendidikan,,2722-5194
e9143cef-f388-4a2d-a45b-ff3122269f76,The Journal of thoracic and cardiovascular surgery,http://www.mosby.com/jtcvs,0022-5223
a75714cc-ae87-4828-a0a2-e7f8d57a5632,Frontiers in Molecular Biosciences,https://www.frontiersin.org/journals/molecular-biosciences,2296-889X
e30e44d3-eae3-43b2-8751-8028e042bb5a,ELOPE: English Language Overseas Perspectives and Enquiries,https://revije.ff.uni-lj.si/elope/,1581-8918
19e47693-2094-42c1-b333-786ddeaef505,Journal of biomechanical engineering,http://www.efluids.com/efluids/pages/j_midpages/journal_of_bio_engin.htm,0148-0731
6453188a-d7ac-4f0c-81bb-f95830c98c38,Microscopy and Microanalysis,http://journals.cambridge.org/action/displayJournal?jid=MAM,1083-0375
6afbd88d-f493-4d85-bc06-3358c00b2a1b,The Classical Review,https://www.cambridge.org/core/journals/classical-review,0009-840X
ff4eb8fa-170e-4d36-99eb-f00d794ec6e4,Social Service Review,https://www.journals.uchicago.edu/loi/ssr,0037-7961
8fdf6697-2cb7-4720-9e74-35820f383886,Growth hormone & IGF research : official journal of the Growth Hormone Research Society and the International IGF Research Society,http://www.churchillmed.com/Online/GrowthHormone/JHOME.html,1096-6374
b41df651-5d08-4d1d-afbb-0912b1374f15,International journal of oncology,https://www.spandidos-publications.com/ijo,1019-6439
e1f5c2ce-7943-45c8-a1ae-ab59984e1300,Gigiena i sanitariia,,0016-9900
7d7609a8-3ded-4de1-bc53-9c4243ae9cb9,Australian family physician,https://www.racgp.org.au/afp,0300-8495
7e8aeb35-2cc0-490d-8f28-74fc198d224a,Minnesota medicine,https://www.minnesotamedicine.com/,0026-556X
7558a17d-2143-48e9-ba5a-b694b97611f4,Israel journal of medical sciences,http://www.ima.org.il/imaj/,0021-2180
ae96519d-7cc4-4895-88fb-5a9dfeb29c2a,Journal of Cardiology Cases,https://www.journals.elsevier.com/journal-of-cardiology-cases,1878-5409
85b26477-7344-4a25-a32d-136a2f1a50ce,Neuroscience and Behavioral Physiology,http://link.springer.com/journal/11055,0097-0549
bafea2d6-9180-4058-a838-86539f02eba1,European Spine Journal,https://www.springer.com/medicine/orthopedics/journal/586,0940-6719
4607f043-7ea5-43b6-888a-2e656fbe0233,Applied Categorical Structures,https://link.springer.com/journal/10485,0927-2852
18b45ae1-2727-4c68-afd1-a9c56e174c48,Neural Regeneration Research,http://eng.med.wanfangdata.com.cn/JournalDetail.aspx?qid=zgsjzsyj-e,1673-5374
134990b4-0824-4d08-bc6b-61841a023fd4,The Journal of Maternal-Fetal & Neonatal Medicine,http://www.tandfonline.com/openurl?genre=journal&stitle=ijmf20,1476-4954
db301a7e-4c42-45f8-8b7b-f5a8bb0e083f,Int. J. Comput. Integr. Manuf.,http://www.tandfonline.com/loi/tcim20,0951-192X
9955eac7-1ec9-41ef-a69c-f68335b1abe5,Metabolism: clinical and experimental,https://www.journals.elsevier.com/metabolism,0026-0495
b2c1b9f9-1a46-4fec-ac1e-262ca2a817f7,Cytotherapy,https://www.journals.elsevier.com/cytotherapy/,1465-3249
97e7c497-a595-453f-8613-cdb2f15a49d8,"Zentralblatt fur Bakteriologie, Parasitenkunde, Infektionskrankheiten und Hygiene. 1. Abt. Medizinisch-hygienische Bakteriologie, Virusforschung und Parasitologie. Originale",,0372-8110
c20b7600-230a-4d64-b272-ecb160212146,Medical group management,,0025-7257
ea575202-fcc2-4a30-b9f9-64956e612b62,Acta biologica et medica Germanica,,0001-5318
1ddf450d-8cac-4998-b9f0-29ee0fd569b2,The Journal of the International College of Surgeons,,0096-557X
98405f8c-bfae-4f2d-a5e6-b06c63bd64d0,Harefuah,http://www.ima.org.il/harefuah/,0017-7768
9bb2417a-d37f-4ee4-b220-ce9974edbbe0,Bulletin des societes d'ophtalmologie de France,,0081-1270
480fb94c-09d2-43ea-affd-0ef19848117d,Bulletin of the New York Academy of Medicine,http://www.pubmedcentral.nih.gov/tocrender.fcgi?action=archive&journal=437#bullnyacadmed,0028-7091
b3b67888-d181-47a6-bcbd-efdd5b93d6b3,Perspective infirmiere : revue officielle de l'Ordre des infirmieres et infirmiers du Quebec,http://www.oiiq.org/publications/perspective-infirmiere,1708-1890
edb009e0-8764-47dc-ae3d-4fda473d3c32,The American journal of tropical medicine and hygiene,http://www.ajtmh.org/,0002-9637
0afa59aa-6c0d-46a7-92c8-73388f5a3c6c,Deutsche medizinische Wochenschrift,http://www.thieme.de/dmw/,0012-0472
5d506bd7-2631-4c8a-bac5-406cb4bc8d19,Kinderarztliche Praxis,,0023-1495
d6b9f8d9-590e-4d25-9f5e-efdf0130c806,Ortopediia travmatologiia i protezirovanie,http://otp-journal.com.ua/,0030-5987
74b0478a-292c-4fe3-bb2f-71f438f00cc7,Nature Reviews Neuroscience,http://www.nature.com/nrn/,1471-003X
65a4b642-f42c-430f-9ccb-00fe16741e12,Psyche,http://www.psyche.de/,0033-2623
0b4751e8-b828-449f-abdd-deb042c728ef,Pharmaceutisch weekblad,,0031-6911
f7dd0d03-7655-4543-951c-a98ab2fcb74b,Investigative Magnetic Resonance Imaging,https://i-mri.org/,2384-1095
a24fd2ce-fdea-44d3-90df-a2206e16dcab,International Journal of Public Health,http://www.springer.com/birkhauser/biosciences/journal/38,1661-8556
821a3bcf-ff02-4bd6-bddd-3d7290eb80ed,The Journal of British Studies,http://journals.cambridge.org/action/displayJournal?jid=JBR,0021-9371
97b374e3-6f09-4e9d-8468-ef344ba51ea1,Journal of the Royal Naval Medical Service,https://jrnms.com/Archive,0035-9033
f59506a8-d8bb-4101-b3d4-c4ac3ed03dad,Science,https://www.jstor.org/journal/science,0193-4511
52f29427-61a3-4d78-9e4f-e5cc54e085b6,Transactions & studies of the College of Physicians of Philadelphia,http://opacplus.bsb-muenchen.de/title/208414-4,0010-1087
fbf5ebdc-9da2-4919-88ed-107755c6f677,Heart Asia,http://heartasia.bmj.com/,1759-1104
324c87d0-1d52-4a84-8e71-3acf0d15587a,Community Mental Health Journal,https://link.springer.com/journal/10597,0010-3853
02605ee0-36de-43af-82fd-5d4653ff6b7e,Journal of Tourism Management Research,http://www.conscientiabeam.com/journal/31,2313-4178
b127dfd2-8094-49c9-8d55-fa9755d878c2,Hospital Pharmacy,https://journals.sagepub.com/loi/hpxa,0018-5787
2f653012-899b-4db2-8945-60f9304c779e,Applied Ocean Research,http://www.elsevier.com/wps/find/journaldescription.cws_home/422916/description#description,0141-1187
dadeb858-a3ad-4fc0-877e-b7b206d1b0d1,Journal of Medical Entomology,,0022-2585
fadfd72e-16e7-4c64-9cdd-9bd30c49239e,Journal of the Canadian Association of Gastroenterology,,2515-2084
e9578a7c-746c-44f1-93ad-50f99b695aaf,International Journal of General Medicine,https://www.dovepress.com/international-journal-of-general-medicine-journal,1178-7074
96ed79e9-36b2-4f58-8ef2-67296adef647,AI and Ethics,https://www.springer.com/journal/43681,2730-5953
0aed7a40-85f3-4c66-9e1b-c1556c57001b,PLoS ONE,https://journals.plos.org/plosone/,1932-6203
4a069f30-c266-44c0-be33-f1e1433b7d15,Child's Nervous System,https://www.springer.com/medicine/surgery/journal/381,0256-7040
f5982c19-deca-42dc-adf6-788a5919e1e4,Journal of the Brazilian Society of Mechanical Sciences and Engineering,https://www.scielo.br/scielo.php?lng=en&pid=1678-5878&script=sci_serial,1678-5878
44f833f0-5cb4-4b2d-a251-bdb39ee536a4,Journal of anxiety disorders,https://www.journals.elsevier.com/journal-of-anxiety-disorders/,0887-6185
995a88a2-5865-4381-9cd2-c018c783323d,The Cryosphere,https://www.the-cryosphere.net/,1994-0416
a901a976-60b4-4654-9618-9c8344491f1c,Journal of water and health,http://www.iwaponline.com/jwh/default.htm,1477-8920
b45279ec-9088-4d27-9697-4a9e81ab556a,Journal of Genocide Research,http://www.tandfonline.com/action/journalInformation?journalCode=cjgr20,1462-3528
4cf96718-6c79-4782-a4ef-a8288b2022c3,European Journal of Business and Management,https://www.iiste.org/Journals/index.php/EJBM/index,2222-1905
991ac027-22eb-471b-b604-18413ae682a6,Group Analysis,http://gaq.sagepub.com/,0533-3164
992e3995-f295-4778-a913-3fe2f227da3f,The Mathematical Gazette,https://www.cambridge.org/core/journals/mathematical-gazette,0025-5572
12fff95b-d469-49a0-84a5-4fd4696c3f28,Knowl. Based Syst.,http://www.elsevier.com/wps/find/journaldescription.cws_home/525448/description#description,0950-7051
9b4a9fc0-359f-4001-81bb-a1450dff3c6e,Dalton transactions,http://www.rsc.org/Publishing/Journals/dt/index.asp,1477-9226
99d15fdc-85e9-4627-969e-c8865824b683,VIEW Journal of European Television History and Culture,http://viewjournal.eu/,2213-0969
caa15e82-50ae-40e3-963d-06734647f46a,The Journal of African American History,"http://infotrac.galegroup.com/itw/infomark/1/1/1/purl=rc18_ITOF_0__jn+""Journal+of+African+American+History""",1548-1867
3c011c13-ca76-48a8-846d-72a14f8a326f,Total Quality Management & Business Excellence,http://www.tandfonline.com/loi/ctqm20,1478-3363
02af1b8c-6768-4f42-afd4-0eee77887a50,Archives of Disease in Childhood,https://adc.bmj.com/,0003-9888
7e6d0154-f117-4438-8ec6-ea14ba122636,Behaviour,http://www.jstor.org/journals/00057959.html,0005-7959
98ba351e-edaa-4625-97de-de4d134f4c3e,2012 International Conference on Fiber Optics and Photonics (PHOTONICS),http://www.e-helvetica.nb.admin.ch/directAccess?callnumber=bel-364027,2304-6732
2cdc0127-f574-4970-a7f8-cd87a6975181,Perceptual and Motor Skills,https://journals.sagepub.com/home/pms,0031-5125
9dd8bbe4-261f-451b-a270-c574526327b1,Cancer drug delivery,http://www.liebertonline.com/CBR,0732-9482
42226ffd-4597-4ea8-8cd6-b68bc7728cd0,"Colloids and surfaces. B, Biointerfaces",http://www.elsevier.com/wps/find/journaldescription.cws_home/523888/description#description,0927-7765
cb66f0d0-958c-4f1c-9758-86d4bfe89708,"Journal of speech, language, and hearing research : JSLHR",http://www.asha.org/about/publications/journal-abstracts/jslhr/,1092-4388
92860f3d-6cd0-4e2e-afe6-ae87c5e9b94f,Annals of Human Genetics,http://onlinelibrary.wiley.com/journal/10.1111/(ISSN)1469-1809,0003-4800
fcf68436-815b-41ff-9912-c435ac687663,Journal of Clinical Psychology in Medical Settings,https://link.springer.com/journal/10880,1068-9583
ea61f7ab-8d9a-4ae7-ba59-3f50000c9d9c,Cardiology in the Young,https://www.cambridge.org/core/journals/cardiology-in-the-young,1047-9511
93162fed-6f4e-43ac-b14e-53eff6349bb4,Cuadernos del CLAEH,http://socialsciences.scielo.org/scielo.php?lng=en&pid=0797-6062&script=sci_serial,0797-6062
9a2ff64e-18ef-48ff-a310-41910ff8ad78,Health & Social Care in the Community,http://onlinelibrary.wiley.com/journal/10.1111/(ISSN)1365-2524,0966-0410
a162e192-cd09-45e5-8467-2c2f31bebae1,Journal of mental health,http://www.informaworld.com/smpp/title~content=t713432595~db=all,0963-8237
e3d75b3e-38ce-427e-a3f3-584d588c6a7a,"The Journal of Mental Health Training, Education and Practice",https://www.emeraldinsight.com/loi/jmhtep,1755-6228
b481bac1-d516-41b4-b947-5d7fc2569b35,Anaesthesiology intensive therapy,https://www.termedia.pl/Journal/Anaesthesiology_Intensive_Therapy-118,1642-5758
791be2d4-5c56-4b33-82a0-e4b4e1c3c03a,Clinical and Experimental Pediatrics,https://www.e-cep.org/,2713-4148
84f04a9d-f8ad-437d-ab46-cb846d9ce1c1,Pediatrics International,http://www.wiley.com/bw/journal.asp?ref=1328-8067,1328-8067
cf1b9554-455e-4565-a1ae-aa7d9a10b8ab,Journal of pediatric surgery,http://www.sciencedirect.com/science/journal/00223468,0022-3468
59e71779-6ef3-462a-a8bf-6f9a1b7ed54a,Pediatric Critical Care Medicine,http://journals.lww.com/pccmjournal,1529-7535
f0ed97d4-5d9b-4cb1-892a-ae0f91b368bc,BMC Geriatrics,http://www.biomedcentral.com/bmcgeriatr/,1471-2318
eae0d6b9-74db-4d4b-877e-7f0aebe2867d,JBJS reviews,https://journals.lww.com/jbjsjournal/pages/aboutthejournal.aspx,2329-9185
25a71dc7-cafb-40da-a773-86dec5d4d682,Cadernos de saude publica,http://cadernos.ensp.fiocruz.br/csp/index.php,0102-311X
36020338-a0e3-4eba-aa2f-78a1815fd1a6,Journal of Dental Sciences,https://www.journals.elsevier.com/journal-of-dental-sciences/,1991-7902
4502a19c-ac5e-45a7-9302-2f7b3bcdc0b7,Int. J. Appl. Earth Obs. Geoinformation,http://www.sciencedirect.com/science/journal/03032434,0303-2434
7fe84005-586f-4604-98ee-fa60fe8ae618,Journal of Clinical Medicine,http://www.e-helvetica.nb.admin.ch/directAccess?callnumber=bel-321173,2077-0383
4c767dd1-3ca6-47ad-8c31-4e4d3fd5a8fd,BMC Women's Health,http://www.biomedcentral.com/bmcwomenshealth/,1472-6874
b609baae-9a66-4db1-af81-5b70e926c829,Journal of ultrasound in medicine : official journal of the American Institute of Ultrasound in Medicine,https://onlinelibrary.wiley.com/journal/15509613,0278-4297
4421de24-b6c7-4d82-b06c-d49c9bed6db5,Journal of obstetrics and gynaecology : the journal of the Institute of Obstetrics and Gynaecology,http://www.blackwell-synergy.com/servlet/useragent?code=jog&func=showIssues,1447-0756
20f49295-6ad9-4d39-ac66-a41cd69f0e19,Frontiers in Surgery,https://www.frontiersin.org/journals/surgery,2296-875X
bfadef3c-766f-411b-9dac-69780835ba24,Revista brasileira de ginecologia e obstetricia : revista da Federacao Brasileira das Sociedades de Ginecologia e Obstetricia,http://www.scielo.br/rbgo,0100-7203
721ed878-9136-408b-b2a3-dce27b9fa39e,Journal of Personalized Medicine,http://www.e-helvetica.nb.admin.ch/directAccess?callnumber=bel-225205,2075-4426
91b19bbf-b6f0-46c2-bbec-6bcfb5463d4d,Molecules,http://www.e-helvetica.nb.admin.ch/directAccess?callnumber=bel-165877,1420-3049
18977992-f8e8-4922-8c81-8230172787bb,Obstetrics and gynecology clinics of North America,http://authors.elsevier.com/JournalDetail.html?Precis=DESC&PubID=623320,0889-8545
611f3016-e211-4bf2-adfc-3b8b183314b5,Journal of reproductive immunology,https://www.journals.elsevier.com/journal-of-reproductive-immunology,0165-0378
ac4f158a-5b5a-4726-a7f2-f96593daf66e,Journal of minimally invasive gynecology,https://www.jmig.org/,1553-4650
3096eb5c-d18c-4877-94cd-28edd3a9c357,International Journal of Environmental Research and Public Health,http://www.mdpi.com/journal/ijerph/,1660-4601
9e4222ac-5a6b-41b6-a08f-5ba74c5c12a8,"European journal of obstetrics, gynecology, and reproductive biology",http://www.sciencedirect.com/science/journal/03012115,0301-2115
6fd9f442-a5e5-4ae4-ba0c-f8c608a30a50,Reproductive biomedicine online,http://www.elsevier.com/journals,1472-6483
6254b414-4c13-4cfe-aee0-2b48bcdc51e9,Land Use Policy,http://www.elsevier.com/wps/find/journaldescription.cws_home/30451/description#description,0264-8377
558a3215-8ffd-4b31-be7f-f653ca3b600d,PeerJ,http://www.peerj.com/,2167-8359
78126a6f-e060-4c16-a5f7-b9b049174996,Journal of Soil and Water Conservation,http://www.scsi.org.in/journal.html,0022-457X
2546e5d5-fbeb-4173-aeb0-97ed573a1285,Renewable Agriculture and Food Systems,https://www.cambridge.org/core/journals/renewable-agriculture-and-food-systems,1742-1705
3efe0b58-b06e-42c1-8a30-01b13201c739,Landscape Ecology,http://www.springer.com/east/home?SGWID=5-102-70-35541277-detailsPage%3Djournal|description&SHORTCUT=www.springer.com/journal/10980/about&changeHeader=true,0921-2973
8775599f-4f9a-45f0-900e-7f4de68e6843,Sustainability,http://www.e-helvetica.nb.admin.ch/directAccess?callnumber=bel-172127,2071-1050
326674e5-1f35-49c1-98db-2fc2da49b26d,Robotics and Computer-Integrated Manufacturing,http://www.elsevier.com/wps/find/journaldescription.cws_home/704/description#description,0736-5845
2c60bff9-794b-484c-83ab-9212eff9fc5a,Metabolites,http://www.e-helvetica.nb.admin.ch/directAccess?callnumber=bel-217885,2218-1989
838ff4ce-eb2c-46a1-b514-e3f420897469,International journal of food microbiology,https://www.journals.elsevier.com/international-journal-of-food-microbiology,0168-1605
77e3fc20-2a7a-41df-a06d-4d80d9223e04,Applied Microbiology and Biotechnology,https://www.springer.com/life+sciences/microbiology/journal/253,0175-7598
d9fc0109-f144-4b6b-b9d1-9ba45f0e1566,FEMS yeast research,https://academic.oup.com/femsyr/issue,1567-1356
b440a04a-022d-4b81-9ed7-2fc8cb1f70a1,Child abuse & neglect,http://www.elsevier.com/wps/find/journaldescription.cws_home/586/description#description,0145-2134
5c1b6b09-1246-465e-b292-b96a4e4c179c,"Journal of Toxicology and Environmental Health, Part A",http://www.catchword.com/rpsv/cw/tandf/15287394/contp1.htm,1528-7394
1dfaa555-69de-4420-8883-a43b394191ef,Toxics,http://www.e-helvetica.nb.admin.ch/directAccess?callnumber=bel-333815,2305-6304
6a38ab1d-f5b7-4a0e-855f-0350f3eefd11,Environmental pollution,https://www.journals.elsevier.com/environmental-pollution,0269-7491
4c8a81b0-9ddf-4e32-adfe-00fdbc9f9fcc,Chemosphere,http://www.elsevier.com/locate/chemosphere,0045-6535
fb13e2e1-5b0b-42e1-bd2d-a962be02827d,Drug and Chemical Toxicology,http://www.tandfonline.com/openurl?genre=journal&stitle=idct20,0148-0545
bb036d47-4923-4bce-a638-b26b01a31bc1,The Journal of pediatrics,http://www.jped.com.br/,0021-7557
7a4a2cd2-0615-44b1-83c3-d07ad89415b4,Journal of Crohn's & colitis,http://www.ecco-jccjournal.org/aims,1873-9946
995f308d-b277-4d5d-8d5a-3bc30438c620,The American journal of medicine,https://www.amjmed.com/,0002-9343
67ec2d57-96f9-4eb6-b7a2-b1766aee610a,Yeast,http://www.interscience.wiley.com/jpages/0749-503X/,0749-503X
ae7a3201-e479-4666-8a93-3d35d6bf7cd1,Biochemistry,https://pubs.acs.org/journal/bichaw,0006-2960
2af06e1c-c45a-43d7-92d3-adfce7014142,Animal Production Science,https://www.publish.csiro.au/an,1836-0939
2d2c0349-4b4f-4695-9099-d19f36f4f312,Respiration,https://www.karger.com/Journal/Home/224278,0025-7931
3918032f-b799-423e-be9e-8d7a8da9bb5e,American Journal of Reproductive Immunology,http://onlinelibrary.wiley.com/journal/10.1111/(ISSN)1600-0897,0271-7352
72390b02-108e-40d6-a989-7293b779f864,Social science & medicine,http://www.sciencedirect.com/science/journal/00377856,0037-7856
d4a5fe3b-9c8d-4b96-a023-0fe8d2a3156b,Arthritis and rheumatism,http://www3.interscience.wiley.com/cgi-bin/jhome/76509746,0004-3591
3bf37726-f531-4b3c-99a6-b1e22ac2d23a,Journal of neurobiology,http://eu.wiley.com/WileyCDA/WileyTitle/productCd-NEU.html,0022-3034
c36994f0-6b03-4e86-9f48-6f6d2b1cc516,Electromagnetic Biology and Medicine,http://informahealthcare.com/ebm,1536-8386
d5594aad-095f-4587-802a-b011732c7100,Physics in Medicine & Biology,http://www.iop.org/EJ/journal/0031-9155,0031-9155
37f1b09a-a6af-4878-9836-fef05322a84a,Brain Communications,,2632-1297
3f7605a7-7e53-4ff7-8895-42f09a5f4355,Frontiers in Immunology,http://www.frontiersin.org/immunology,1664-3224
8dcbaea5-3cdb-48b3-9f93-45c12ca1bb91,BMC Genomics,http://www.biomedcentral.com/bmcgenomics/,1471-2164
d5e5b5e7-54b1-4f53-82fc-4853f3e71c58,medRxiv,https://www.medrxiv.org/,
3416dd37-f45d-40ed-b04e-875fcff8fa2f,Nutrients,http://www.e-helvetica.nb.admin.ch/directAccess?callnumber=bel-169249,2072-6643
52edfc09-8d65-4876-8560-84530d7259b9,The Journal of Neuroscience,https://www.jneurosci.org/,0270-6474
31b2ea45-decb-4c4d-8e3e-683974781c91,Frontiers in Aging Neuroscience,http://www.frontiersin.org/aging_neuroscience,1663-4365
e7e098c6-0b35-437b-b685-08c74931e19a,European Journal of Population = Revue Européenne de Démographie,,
abe07b93-ae8c-4a4b-9b4f-6971f0b656c4,Scottish Journal of Political Economy,http://onlinelibrary.wiley.com/journal/10.1111/(ISSN)1467-9485,0036-9292
29c86519-a0ec-42da-8e00-c99b331ab98d,European urology oncology,https://www.journals.elsevier.com/european-urology-oncology,2588-9311
fdeb07d1-a046-4a1a-98aa-167e7f8e667a,Frontiers in Oncology,https://www.frontiersin.org/journals/oncology,2234-943X
477368e9-7a8e-475a-8c93-6d623797fd06,Multimedia Tools and Applications,https://www.springer.com/computer/information+systems+and+applications/journal/11042,1380-7501
312ca99c-9149-490d-813e-c60d5e949f65,Concurr. Comput. Pract. Exp.,http://www3.interscience.wiley.com/cgi-bin/jhome/77004395?CRETRY=1&SRETRY=0,1532-0626
228761ec-c40a-479b-8309-9dcbe9851bcd,IEEE Internet of Things Journal,https://www.ieee.org/membership-catalog/productdetail/showProductDetailPage.html?product=PER288-ELE,2327-4662
38e536b3-c893-4eab-8177-5cd8db8952e3,Telecommunication Systems,https://link.springer.com/journal/11235,1018-4864
48433268-b689-457a-8e57-36895fd4f04e,Computing,https://link.springer.com/journal/607,0010-485X
ea8ee4cd-cdca-47a5-9aac-ffc71218835e,Endocrinologia japonica,https://www.jstage.jst.go.jp/browse/endocrj1954/list/-char/en,0013-7219
e7b43e87-f462-44e0-b6a3-a7e66e14f754,The Cochrane database of systematic reviews,http://www.cochranelibrary.com/cochrane-database-of-systematic-reviews/index.html,1361-6137
69023371-3234-479f-8740-93c23fb6de77,Journal of Orthodontics,https://journals.sagepub.com/loi/JOO,0301-228X
25564909-d7a4-4642-ac87-ffe9b2565807,Advances in dental research,http://adr.sagepub.co/,0895-9374
73064ef3-c116-4d69-b91b-90e6b26387ed,Journal of dentistry,http://www.ejournalofdentistry.com/,0976-2663
5b8fa84c-8f83-422e-96c7-c3fac38103ea,BMC Oral Health,http://www.biomedcentral.com/bmcoralhealth/,1472-6831
e1f2b2ea-7393-4401-8e7b-d687d959a76f,Journal of orofacial orthopedics = Fortschritte der Kieferorthopadie : Organ/official journal Deutsche Gesellschaft fur Kieferorthopadie,,
96fa7399-a724-43de-bec7-f09a913e77da,Journal of clinical orthodontics : JCO,https://www.jco-online.com/,0022-3875
d9088a5a-8827-4f42-87bd-5d9573e62b70,IEEE Transactions on Power Electronics,http://ieeexplore.ieee.org/servlet/opac?punumber=63,0885-8993
ffaa4409-29fb-4245-a496-c51b151f9f5f,Journal of pediatric gastroenterology and nutrition,https://journals.lww.com/jpgn,0277-2116
63e2bb2d-3e51-4550-b8b2-5ba5358cf0cd,Journal of developmental and behavioral pediatrics : JDBP,http://www.jrnldbp.com/,0196-206X
84a6a8b4-8e85-48bd-b65e-a83d83f95908,Frontiers in Pharmacology,https://www.frontiersin.org/journals/pharmacology,1663-9812
d3ae3381-de93-4bdd-8db8-116ee00bed9c,Therapeutic Advances in Cardiovascular Disease,https://journals.sagepub.com/home/tak,1753-9447
688ed77e-05c0-41d9-a9eb-2e36e97ff5cf,The Clinical Respiratory Journal,https://onlinelibrary.wiley.com/journal/1752699x,1752-6981
3b438704-c051-48f5-b845-623aaf356acb,Journal of Bone and Mineral Research,http://www3.interscience.wiley.com/journal/122662747/home,0884-0431
d4525739-ab7b-46fb-8d02-be69160dfad7,International Journal of Clinical Pharmacy,https://www.springer.com/medicine/internal/journal/11096,2210-7703
7428aed7-e899-48c6-9af1-443b8a5bfb36,International Journal of Immunogenetics,http://onlinelibrary.wiley.com/journal/10.1111/(ISSN)1744-313X,1744-3121
63de4636-fd45-4e28-8726-ff0570af5387,Regenerative Biomaterials,,2056-3426
8159f461-58cd-4bb5-9fe3-407097ef2852,Advanced Biology,https://www.hindawi.com/journals/ab/,2314-7563
d53bef3a-0ad1-45eb-8197-017297145573,"Tissue Engineering. Part B, Reviews",http://www.liebertonline.com/loi/teb,1937-3368
28d1c5f7-9393-49a1-9df8-738e3f3811e7,Materials Advances,https://www.rsc.org/journals-books-databases/about-journals/materials-advances/,2633-5409
0b8373ea-5505-4c96-99ff-b8da87a2ce3e,Materials,http://www.e-helvetica.nb.admin.ch/directAccess?callnumber=bel-164286,1996-1944
9856035c-170d-4e13-81d2-6f84cb5aa166,Journal of materials chemistry. B,http://www.rsc.org/Publishing/Journals/tb/,2050-750X
2e8eb881-9847-4de2-82f3-8aaf7a622e13,American Mineralogist,http://www.degruyter.com/view/j/ammin,0003-004X
9f4695f9-3d15-4a02-9a4a-8c1597f5ec1d,Journal of Biomedical Materials Research. Part a,http://www3.interscience.wiley.com/cgi-bin/jhome/30728,1549-3296
098d941f-120e-4f86-8969-40004d31e9ec,Biomaterials science,https://www.rsc.org/journals-books-databases/about-journals/biomaterials-science/,2047-4830
d4fc9f5f-8c7c-476a-b194-828f86b86491,Integrative biology : quantitative biosciences from nano to macro,http://www.rsc.org/Publishing/Journals/ib/Index.asp,1757-9694
b07fa1da-5ee6-4b4c-b227-9af39d1dcef0,Netherlands Heart Journal,https://www.cardiologie.nl/netherlands-heart-journal/,1568-5888
2bbc1e45-4074-471d-b003-2c8f5a99cdb0,Indian Journal of Ophthalmology,http://www.ijo.in/,0301-4738
4552f571-dd46-4bc5-a290-4faa81df1be0,Journal of the European Academy of Dermatology and Venereology,http://www.blackwell-synergy.com/loi/jdv,0926-9959
f65026bb-121b-4121-bec7-8394af26da77,Best practice & research. Clinical endocrinology & metabolism,https://www.sciencedirect.com/journal/best-practice-and-research-clinical-endocrinology-and-metabolism,1878-1594
bb27e645-e57c-42c3-bcbc-c7b443c58209,Nature genetics,http://www.nature.com/ng/,1061-4036
1c60c14e-1b6e-4198-a3de-545707da4d81,Molecular Diversity,http://www.springer.com/journal/11030/about,1381-1991
7d3c0955-3934-43f4-b953-1347b258f612,ACS Chemical Biology,https://pubs.acs.org/journal/acbcct,1554-8929
e6216b43-2428-4aaf-8101-b40e1dfd2810,BMJ Open,https://bmjopen.bmj.com/,2044-6055
6c240c46-2fe1-403f-9a29-5b5e99579d03,Folia morphologica,https://journals.viamedica.pl/folia_morphologica/issue/archive,0015-5659
ebdc1fa7-c0b8-4019-9767-015d6a824ba6,BMJ Case Reports,https://casereports.bmj.com/,1757-790X
5b97da83-0106-4e9f-aef2-4c3006afbb2c,Frontiers in Cell and Developmental Biology,http://www.frontiersin.org/cell_and_developmental_biology,2296-634X
e225ec90-4e80-4fbc-87c5-3a212a0214b1,Ageing Research Reviews,http://www.elsevier.com/wps/find/journaldescription.cws_home/621649/description#description,1568-1637
576b59f1-6a2f-4286-a086-6ea6a944675a,Journal of palliative medicine,http://www.liebertonline.com/loi/jpm,1557-7740
aa3da1b8-67ea-4019-b2ec-97ae9e59a63b,Academic Emergency Medicine,http://www.wiley.com/bw/journal.asp?ref=1069-6563&site=1,1069-6563
ed5af7a7-0708-4dca-8930-368203e65b06,Medical Teacher,http://informahealthcare.com/journal/mte,0142-159X
c0052eef-c840-402a-9388-641c3a456c1b,Palliative and Supportive Care,https://www.cambridge.org/core/journals/palliative-and-supportive-care,1478-9515
1bb9d4f1-b232-499d-b2d2-dd17b5f2cc88,ecancermedicalscience,https://www.ecancermedicalscience.com/,1754-6605
e57f7e14-2158-47fb-8409-d4f185d70242,Health Informatics Journal,http://jhi.sagepub.com/,0965-8335
9888b440-2c06-477b-9a8a-d051b0287fbc,"Cancer Epidemiology, Biomarkers & Prevention",https://cebp.aacrjournals.org/,1055-9965
2baad992-2268-4c38-9120-e453622f2eeb,Journal of Medical Internet Research,http://www.symposion.com/jmir/index.htm,1438-8871
b7cbc3c9-e2a6-4323-8864-609fb18c543b,The Journal of Emergency Medicine,http://www.sciencedirect.com/science/journal/07364679,0736-4679
441c5671-cab6-440e-8f38-86ebd1b65b7f,Respiratory Medicine,https://www.journals.elsevier.com/respiratory-medicine,0954-6111
07931092-9002-4e9f-a62d-00af30be540f,Frontiers in Psychiatry,https://www.frontiersin.org/journals/psychiatry,1664-0640
e9a44b89-3d84-4bff-8c78-c53cd2ad7cf8,Foods,http://www.e-helvetica.nb.admin.ch/directAccess?callnumber=bel-277853,2304-8158
6d1fca76-6ee3-49a2-97d5-ff9ef2567ce5,Chemico-biological interactions,http://www.elsevier.com/wps/find/journaldescription.cws_home/505510/description#description,0009-2797
9a272984-d484-429f-b0b2-1597b1fc107e,International immunopharmacology,http://www.elsevier.com/wps/find/journaldescription.cws_home/621330/description#description,1567-5769
145b9a93-ba02-4691-b7ef-b5fdc4aaa8a3,Environmental Toxicology,http://www3.interscience.wiley.com/cgi-bin/jhome/10005202,1520-4081
33f68909-043d-420c-b41b-00f6ee97db43,Journal of inorganic biochemistry,http://www.elsevier.com/wps/find/journaldescription.cws_home/505772/description#description,0162-0134
b5aaa937-18c7-4a65-84a1-52713f6080fe,Global Change Biology,http://onlinelibrary.wiley.com/journal/10.1111/(ISSN)1365-2486,1354-1013
a172add9-e6ed-426e-9509-2e84da395a2a,Toxicology in vitro : an international journal published in association with BIBRA,https://www.journals.elsevier.com/toxicology-in-vitro/,0887-2333
19f5f87c-9a59-4397-9acb-88036fb67d36,Free radical biology & medicine,https://www.journals.elsevier.com/free-radical-biology-and-medicine,0891-5849
08ee3346-e195-4333-b008-be3a4f9e23cd,Biochimica et biophysica acta,https://www.elsevier.com/life-sciences/biochemistry-genetics-and-molecular-biology/journals/bba,0006-3002
cf6cc347-aedd-4780-b284-476e6d71a284,Metallomics : integrated biometal science,https://www.rsc.org/journals-books-databases/about-journals/metallomics/,1756-5901
c7bbca07-9604-48a6-85d8-512fa663722e,Journal of proteome research,https://pubs.acs.org/journal/jprobs,1535-3893
15ab6d75-0b73-455b-9f61-16f62a8fb66d,BioMetals,"http://www.springer.com/sgw/cda/frontpage/0,11855,1-0-70-35631774-detailsPage=journal|description|description,00.html?referer=www.springer.com/journal/10534/about",0966-0844
77ea5ab3-9839-4d77-bc43-30bcb5c4ab30,Current Anthropology,http://www.journals.uchicago.edu/ca,0011-3204
e95c8d18-09be-464f-a3cf-5b2637f0eff6,Algorithms,http://www.e-helvetica.nb.admin.ch/directAccess?callnumber=bel-150910,1999-4893
e1b18316-e0d4-4006-aa13-129890a757fc,Sustain. Comput. Informatics Syst.,http://www.journals.elsevier.com/sustainable-computing,2210-5379
5012d97c-98b7-4f53-90cf-1b8eb8c04295,Technical Physics,https://link.springer.com/journal/11454,1063-7842
f417b974-1993-4b8d-b05b-6457e1ab02c7,Semiconductors,https://link.springer.com/journal/11453,1063-7826
4f9c2bb7-ec38-45aa-b0b3-8bd7680ccc1f,ACM SIGMOD Record,http://portal.acm.org/browse_dl.cfm?CFID=85291668&CFTOKEN=27828468&coll=ACM&dl=ACM&idx=J689&linked=1&part=newsletter,0163-5808
be0ad9ff-aa43-4af1-b3b5-4a41c9f81cb0,Datenbank-Spektrum,https://www.springer.com/computer/database+management+&+information+retrieval/journal/13222,1618-2162
10a4a695-8417-42c7-983d-742df48b3905,J. Syst. Softw.,http://www.elsevier.com/wps/find/journaldescription.cws_home/505732/description#description,0164-1212
d453966d-1b91-4e33-b75e-bb4ead55f2a4,Joint Diseases and Related Surgery,https://www.tevak.org/?page=journal,1309-0313
8e1bd4b5-d5b2-4e22-ba0a-01fe5568d472,,http://www.e-helvetica.nb.admin.ch/directAccess?callnumber=bel-169233,2315-4675
60538382-994e-41df-b512-6ff16fedd7cc,Journal of Ambient Intelligence and Humanized Computing,http://www.springer.com/engineering/journal/12652,1868-5137
bc946b89-5188-4a8f-b9b6-61b71dd9fccc,J. Netw. Comput. Appl.,http://www.elsevier.com/wps/find/journaldescription.cws_home/622893/description#description,1084-8045
3c77be64-fcd3-444d-a98d-f563ab841a7e,Pharmaceutics,http://www.e-helvetica.nb.admin.ch/directAccess?callnumber=bel-169204,1999-4923
e28a224b-8ddb-49a6-82d2-17f23c68b30c,Frontiers in Physiology,https://www.frontiersin.org/journals/physiology,1664-042X
39058e09-c13a-4545-a8a3-a75581460bc2,Brain Sciences,http://www.e-helvetica.nb.admin.ch/directAccess?callnumber=bel-217894,2570-0197
938045a1-b90a-46d7-a099-5aa234412fdb,"Scandinavian Journal of Trauma, Resuscitation and Emergency Medicine",http://www.sjtrem.com/,1757-7241
1c94bb2e-f9df-43a1-b99b-5590cca7d15f,American Journal of Respiratory and Critical Care Medicine,http://www.ajrccm.org/,1073-449X
f76d44a2-ee35-4b08-9d66-95c373a13a5e,Virology,http://www.elsevier.com/wps/find/journaldescription.cws_home/622952/description#description,0042-6822
e8ca7ac1-3bc1-4292-8d39-69c321ae0e74,AIDS,http://www.aidsonline.com/,0269-9370
0822abe9-1a76-4fa0-be43-9c25f0418f8e,International Reviews of Immunology,http://www.informahealthcare.com/loi/iri,0883-0185
3c8f4cec-a435-421a-b301-785e136e65e5,The Journal of infectious diseases,http://www.jstor.org/action/showPublication?journalCode=jinfedise,0022-1899
9b07daf4-3c7e-4798-847b-5005416bc8d5,Vaccine,http://www.elsevier.com/locate/vaccine,0264-410X
1a5c69a0-eb2a-4c17-aade-ef464d085987,Journal of Medical Virology,http://www3.interscience.wiley.com/cgi-bin/jhome/32763,0146-6615
84c9bfd4-aaed-4997-a24b-d4546c66f907,Journal of Forestry Research,http://www.metapress.com/link.asp?id=109671,1341-6979
c7227e89-93c0-4fff-9f44-ddd62529fc3f,Nanomaterials,http://www.e-helvetica.nb.admin.ch/directAccess?callnumber=bel-217790,2079-4991
b9238bf6-01ff-4eea-bca7-73a533e08a8c,International journal of group psychotherapy,http://pao.chadwyck.com/journals/results.do?QueryType=journals,0020-7284
d30776c0-e524-4f14-a524-871d0586862c,Cancers,http://www.e-helvetica.nb.admin.ch/directAccess?callnumber=bel-154879,2072-6694
b1739e5f-9d57-4bb9-b1da-82487b2fa362,Methods in molecular medicine,,1543-1894
044718f7-28e8-4855-964c-63e15e19aaf4,Orthopaedic Surgery,https://onlinelibrary.wiley.com/journal/17577861,1757-7853
fa1f0815-0811-4291-b4fc-8230a6c9bf5b,Annals of the New York Academy of Sciences,http://onlinelibrary.wiley.com/journal/10.1111/(ISSN)1749-6632,0077-8923
1ec2aefc-fc1e-40a8-94f5-6df6dc894032,Arthritis Care & Research,http://www3.interscience.wiley.com/cgi-bin/issn?DESCRIPTOR=PRINTISSN&VALUE=2151-464X,2151-464X
f9124e67-fd8b-4245-b0b9-af8c522de958,Clinical Pharmacokinetics,https://link.springer.com/journal/40262,0312-5963
011a90c7-7490-45ee-ae3e-63c72d01a408,"Auris, nasus, larynx",https://www.journals.elsevier.com/auris-nasus-larynx,0385-8146
84ca1336-700b-4f67-8aa2-e03194cb4670,The Laryngoscope,http://www.laryngoscope.com/,0023-852X
3eb857d1-b5ec-472a-8cc5-29549bda0efc,Diagnostic Cytopathology,http://www3.interscience.wiley.com/cgi-bin/jhome/112613736,1097-0339
eb250ef4-53d0-4d3b-96a4-06717843429d,Clinical Pathology & Research Journal,https://medwinpublishers.com/CPRJ/archive.php,2642-6145
f01cecb2-2e15-44d4-97ce-2575886e7d01,World journal of gastroenterology,https://www.wjgnet.com/,1007-9327
eacf3df5-edb0-41b1-b1f2-b3369bd272c2,Digestive Diseases and Sciences,http://www.kluweronline.com/issn/0163-2116/contents,0163-2116
cbb0c69d-3289-4e83-8be2-dbdb5bff45de,World Journal of Surgical Oncology,https://wjso.biomedcentral.com/,1477-7819
56753896-ea87-41d6-a80a-b4ddc8372318,,,
95df9a49-778f-4ec4-ba72-2a6cee13b02a,Cancer Cytopathology,http://ci.nii.ac.jp/search?amp;count=20&amp;journal=cancer&amp;nrid=&amp;publisher=Carcinological+Society+of+Japan&amp;sortorder=6&amp;type=1&range=0,0918-1989
da292105-15e3-4866-8284-3e6373069daf,Der Orthopäde,https://link.springer.com/journal/132,0085-4530
db50471b-6255-422d-9b0e-4289b07fd158,AntiCancer Research,http://www.iiar-anticancer.org/main.php?id=2,0250-7005
abc0c598-b988-4841-a8c5-65bfa6f3df77,Biomedicines,http://www.e-helvetica.nb.admin.ch/directAccess?callnumber=bel-327040,2227-9059
99d8e4e8-b392-4192-8a02-1dabd1a359d6,Cellular Oncology,https://www.hindawi.com/journals/acp/,1570-5870
3bc0e661-dc2a-454a-9ff5-6515430ce9ff,Frontiers in Cardiovascular Medicine,http://www.frontiersin.org/Cardiovascular_Medicine,2297-055X
8bbffbf0-5dfc-4485-b4b1-d177fd330b21,Evidence-based Complementary and Alternative Medicine : eCAM,https://www.hindawi.com/journals/ecam/,1741-427X
724a39cf-ef0f-49be-9322-ec7e423d03e6,Genes & Genomics,https://link.springer.com/journal/13258,1976-9571
099a2ecc-54f9-42d3-9ea0-0189027aa04f,The Journal of Biological Chemistry,http://ejournals.ebsco.com/direct.asp?JournalID=101729,0021-9258
6a126a8f-6ca0-467b-bc06-b8a5f36dae29,Porto Biomedical Journal,http://www.sciencedirect.com/science/journal/24448664,2444-8664
cdf4bb1c-e624-482e-8289-da2009c4c31a,Journal of Cellular Physiology,http://eu.wiley.com/WileyCDA/WileyTitle/productCd-JCP.html,0021-9541
9e867a6d-79c2-4cef-b939-738283fc3e3a,Molecular Medicine Reports,https://www.spandidos-publications.com/mmr/,1791-2997
15a12adf-61c6-4c5f-9edc-675b2ee2f6e2,Annals of Translational Medicine,http://atm.amegroups.com/index,2305-5839
219d1d7d-8f62-491d-86d9-1430b9d19c35,American journal of translational research,http://ajtr.org/,1943-8141
b57dc872-5fe7-4ced-aa7d-c25e6425a7de,Scandinavian Journal of Immunology,https://www.blackwell-synergy.com/,0300-9475
e57388b1-2c6e-46ed-b693-50e2334732d3,Politics & Gender,https://www.cambridge.org/core/journals/politics-and-gender,1743-923X
5bc5dd42-09ab-4ce7-bf5b-8355ee95577c,"Spectrochimica acta. Part A, Molecular and biomolecular spectroscopy",http://www.elsevier.com/wps/find/journaldescription.cws_home/525436/description#description,1386-1425
1954882c-493a-4098-abe4-fcd30f330157,Talanta,https://www.elsevier.com/locate/inca/525438,0039-9140
250bfd38-00d4-4635-9507-8838d79ebb72,Journal of Materials Science,https://www.springer.com/materials/journal/10853,0022-2461
10aeaa7b-eb72-46ce-9823-168542246e83,Journal of neurotrauma,https://www.liebertpub.com/loi/neu,0897-7151
02bf11d4-dd88-4e0e-b7c4-084d3fa17c2f,Pediatrics,https://pediatrics.aappublications.org/,0031-4005
69f81360-7402-42dc-8bfe-7e0ddd495b8b,Pediatric neurology,https://www.pedneur.com/,0887-8994
7dbe09db-be44-4485-9711-8986e1c3bd6d,European Child & Adolescent Psychiatry,https://www.springer.com/medicine/psychiatry/journal/787,1018-8827
85fde20d-1999-472d-b2ac-8f44f59809fc,Faculty Reviews,,2732-432X
5a4315f2-7985-483e-a8a3-0f513afa190c,Nursing outlook,https://www.journals.elsevier.com/nursing-outlook,0029-6554
87c855fc-c59a-4443-832a-e5b1ca14b9f3,Cureus,https://www.cureus.com/,2168-8184
142347a8-a3f6-4ce4-bc56-09bc8fc9461d,Frontiers in Medicine,https://www.frontiersin.org/journals/medicine,2296-858X
983fd916-c977-4314-840b-3fdd258647fe,International Journal of Energy Research,http://www3.interscience.wiley.com/cgi-bin/jhome/3343,0363-907X
1a29df73-1926-4aee-af99-8b3b4537f9a0,CLEI Electron. J.,http://www.clei.org/cleiej/,0717-5000
1cd505d9-195d-4f99-b91c-169e872644d4,Energies,http://www.e-helvetica.nb.admin.ch/directAccess?callnumber=bel-155563,1996-1073
0ed0ece3-f3ec-4835-aaab-1d840a580c55,Comput. Syst. Sci. Eng.,,0267-6192
6b6df2de-21bc-4137-9859-3fcef46f6a21,Mob. Inf. Syst.,https://www.hindawi.com/journals/misy/,1574-017X
0fe66fba-fbae-4230-afc2-1ec945024c86,Molecular Ecology,http://www.blackwell-synergy.com/servlet/useragent?close=1999&code=mec&func=showIssues#C1999,0962-1083
e940bdf3-601c-415d-95ed-9c0197737d03,Ecology and Evolution,http://onlinelibrary.wiley.com/journal/10.1002/(ISSN)2045-7758,2045-7758
eb073d51-e2dd-43a0-a9b2-8bd80eb3c976,Journal of Avian Biology,http://www.blackwell-synergy.com/servlet/useragent?close=2003&code=jav&func=showIssues#C2003,0908-8857
dce542ed-f32a-410a-9ad0-ce01afb35cde,The Journal of Wildlife Management,http://onlinelibrary.wiley.com/journal/10.1002/(ISSN)1937-2817,0022-541X
7eae9fc4-93b3-4df2-a7d0-e1f56d65dab2,Human antibodies,http://content.iospress.com/journals/human-antibodies/,1093-2607
8d7ff3bd-2385-47a4-8f55-b2c48363704b,Journal of Thoracic Disease,http://www.jthoracdis.com/,2072-1439
739f9e67-4bdc-4221-83b9-7dfa3263631c,Journal of Roman Studies,https://www.cambridge.org/core/journals/journal-of-roman-studies,0075-4358
4ebf6aad-eb7e-4e84-8fd9-cc79a4158c49,American Journal of Clinical Oncology,http://www.amjclinicaloncology.com/,0277-3732
1186b14a-7b03-409b-97c0-b8ff77066e0b,Preventive Medicine,http://www.clinicalkey.com.au/dura/browse/journalIssue/00917435,0091-7435
9c4d02b0-3cd7-4b37-8b68-9e9eb96472f6,International Urogynecology Journal,https://www.springer.com/medicine/gynecology/journal/192,0937-3462
9b631161-6615-499b-8750-7d170788c514,"Culture, Medicine, and Psychiatry",https://www.springer.com/social+sciences/anthropology+&+archaeology/journal/11013,0165-005X
80c7d68a-cb07-4bb4-b5fb-406f73659716,Journal of Environmental Psychology,http://www.elsevier.com/wps/find/journaldescription.cws_home/622872/description,0272-4944
89489694-27f4-47d8-b7da-38d0780b7357,Developmental Cognitive Neuroscience,http://www.elsevier.com/wps/find/journaldescription.cws_home/722734/description#description,1878-9293
619f1d85-7b3f-451d-b795-3f40e3019fd4,Energy,http://www.elsevier.com/wps/find/journaldescription.cws_home/483/description#description,0360-5442
056efaa3-b9f5-41c6-b9d1-668f5d6fa759,Journal of intellectual disability research : JIDR,http://www.blackwell-synergy.com/member/institutions/issuelist.asp?journal=jir,0964-2633
40d15aa1-c74e-4ad7-8745-8120cf39865e,The Journal of Applied Gerontology,http://jag.sagepub.com/,0733-4648
be6bebbc-846f-454e-938a-cde6d9c9df4b,Journal of mental deficiency research,,0022-264X
6401bb05-050b-4beb-8824-066cb2938eb4,Mathematical Problems in Engineering,http://www.gbhap-us.com/journals/238/238-top.htm,1024-123X
c0fcfef6-778d-44e2-967e-3c129214166a,Healthcare Management Forum,https://journals.sagepub.com/home/hmf,0840-4704
da025a2f-daa1-4351-92a7-3ebbe15ebd9b,Journal of Computational Chemistry,http://eu.wiley.com/WileyCDA/WileyTitle/productCd-JCC.html,0192-8651
175cd389-c5bd-489e-a4d3-a03010e52343,Biotechnology for Biofuels,https://biotechnologyforbiofuels.biomedcentral.com/,1754-6834
14e703a0-3798-4446-9a68-94bd2a918b4d,Molecular plant pathology,http://www.blackwell-synergy.com/member/institutions/issuelist.asp?journal=mpp,1364-3703
09246bed-4d95-4656-9c5b-5ce1b3074cb3,Plant Physiology,http://www.tarweed.com/,0032-0889
a0ce3a50-4870-47f5-b0e1-52b73e07f50f,Environmental microbiology,http://www.blackwell-synergy.com/member/institutions/issuelist.asp?journal=emi,1462-2912
cc6aaf97-8b1f-4911-853f-9b7dd1395530,Molecular Breeding,https://link.springer.com/journal/11032,1380-3743
87594dc3-0bac-42da-9bb5-1a2c166e4ae5,Journal of Transport Geography,https://www.journals.elsevier.com/journal-of-transport-geography/,0966-6923
b308ec25-8043-470a-a42b-0f3f8741f387,International Journal of Sustainable Transportation,http://www.informaworld.com/1556-8334,1556-8318
83ff973b-8a0e-4e00-a06a-2cfd9e222de9,PLoS Biology,http://www.pubmedcentral.nih.gov/tocrender.fcgi?journal=212,1544-9173
0d46a6d7-94c8-4206-a9f6-6a81388f964d,American journal of industrial medicine,http://eu.wiley.com/WileyCDA/WileyTitle/productCd-AJIM.html,0271-3586
915bb47a-fb19-46a3-accd-316718d6ed7e,International Journal of Occupational and Environmental Health,https://www.tandfonline.com/action/journalInformation?journalCode=yjoh20,1077-3525
44b820ce-9b6d-4bb2-8b5f-af58b97ae262,International Journal for Equity in Health,http://www.equityhealthj.com/,1475-9276
ab042adb-76b4-42b3-ab2c-81762940e6b9,IEEE Journal of Solid-State Circuits,https://ieeexplore.ieee.org/servlet/opac?punumber=4,0018-9200
08a73e8c-80f1-443c-bc04-6445466194ec,IEEE Transactions on Microwave Theory and Techniques,http://ieeexplore.ieee.org/servlet/opac?punumber=22,0018-9480
585f106b-e284-48f5-acab-36aab12a5ab8,Indian Journal of Pharmaceutical Sciences,https://www.ijpsonline.com/,0250-474X
d6542658-10f5-4d1f-85cf-fa0b5f23c258,Expert Review of Clinical Pharmacology,http://www.expert-reviews.com/loi/ecp,1751-2433
e49e5c20-4698-44b0-be2d-d13bd84190aa,Journal of Medical Economics,http://www.journalofmedicaleconomics.com/,1369-6998
edfb3c30-7e3b-4bc0-8fca-85efa19ae53c,Bulletin du Cancer,https://www.journals.elsevier.com/bulletin-du-cancer,0007-4551
b7a046c1-ab7d-4b9d-9e12-21a87a4914b3,Investigational New Drugs,https://link.springer.com/journal/10637,0167-6997
06b4cf16-aa4c-4719-887b-f95dcacc0440,Journal of the American Association of Nurse Practitioners,https://journals.lww.com/jaanp/Pages/currenttoc.aspx,2327-6886
1283a59c-0d1f-48c3-81d7-02172f597e70,IEEE Transactions on Automatic Control,http://ieeexplore.ieee.org/servlet/opac?punumber=9,0018-9286
074e1182-55bc-4c39-ae48-40280cdec7bb,Syst. Control. Lett.,http://www.sciencedirect.com/science/journal/01676911,0167-6911
f48a1bc9-b0e5-446b-a40b-a9d2497f3e04,International journal of pediatric otorhinolaryngology,http://www.ijporlonline.com/,0165-5876
d4a381fe-9cc2-48c5-bf20-64eefeaedc2b,Journal of tropical pediatrics,https://academic.oup.com/tropej/issue,0142-6338
398b46b8-6014-4478-b7af-f477167f7bde,Journal of Cell Science,https://jcs.biologists.org/,0021-9533
3066c994-687a-417d-9f08-dabb65f37093,IEEE Transactions on Intelligent Transportation Systems,http://ieeexplore.ieee.org/servlet/opac?punumber=6979,1524-9050
b712be20-2e99-48d0-a5dd-e62e6ffc3fdb,Swarm Evol. Comput.,http://www.elsevier.com/locate/swevo,2210-6502
666e1b2f-6010-4013-8eef-a73479368d2c,Journal of General Internal Medicine,https://www.springer.com/medicine/internal/journal/11606,0884-8734
3a435ff9-d0c3-4eb9-9a89-992c0f8bf398,Genes,http://www.e-helvetica.nb.admin.ch/directAccess?callnumber=bel-163755,2073-4425
011cf95e-1c33-4d8e-84b9-1dd5c95629f6,"Biofactors (Oxford, England)",https://onlinelibrary.wiley.com/journal/18728081,0951-6433
3adfa7f3-9db0-4c0c-8e5c-37b206d7b0e3,AAPS PharmSciTech,https://www.springer.com/biomed/pharmacology+&+toxicology/journal/12249,1530-9932
6e136537-18d9-44b2-a3e0-6d07e57e7283,Expert Opinion on Drug Delivery,http://www.ashley-pub.com/page/Description?journalCode=edd,1742-5247
b79b0683-c9ee-47d6-b861-a68e5b40219f,"Journal of biomedical materials research. Part B, Applied biomaterials",http://www3.interscience.wiley.com/cgi-bin/jhome/96516924,1552-4973
66cbe005-8711-470d-9957-9a81e8388a74,Indian Journal of Otolaryngology and Head & Neck Surgery,https://link.springer.com/journal/12070,0019-5421
571af341-cf5e-4257-a1e4-16c38480bee1,Health & place,http://www.elsevier.com/wps/find/journaldescription.cws_home/30519/description#description,1353-8292
92b4cb41-aa87-4854-aaad-ce30d0e6deb1,Annals of Gastroenterology,http://www.annalsgastro.gr/,1108-7471
2ae18de8-1e0b-4f92-9aa3-866ffc4f36e7,Medicine,http://journals.lww.com/md-journal,0025-7974
0de80c9b-b164-4398-b00a-da2fc3b25376,Gastroenterology Research and Practice,https://www.hindawi.com/journals/grp/,1687-6121
f688ea21-8778-4adc-aa9a-63535e68bf09,Therapeutic Apheresis and Dialysis,http://eu.wiley.com/WileyCDA/WileyTitle/productCd-TAP.html,1744-9979
23646b6a-80e0-4e15-8458-793e9a299698,Journal of Viral Hepatitis,http://onlinelibrary.wiley.com/journal/10.1111/(issn)1365-2893,1345-2533
26c84d4a-ce4a-4dbd-879b-d2507b6acf04,International Journal of Mathematical Education in Science and Technology,http://www.catchword.com/rpsv/catchword/tandf/0020739x/contp1-1.htm,0020-739X
2ea11618-81a8-44f4-9884-0edc41a4b13c,Journal of Neurochemistry,http://www.blackwell-synergy.com/loi/jnc,0022-3042
98b01b3e-721b-493f-a2de-aac73baf7697,Naturwissenschaften,https://www.springer.com/life+sciences/journal/114,0028-1042
38278c2e-2198-4d61-b807-f318d824b077,ELECTROPHORESIS,http://onlinelibrary.wiley.com/journal/10.1002/(ISSN)1522-2683,0173-0835
7d071626-1aa2-4dad-a259-bcccedccf44d,The Journal of Experimental Medicine,http://www.jem.org/,0022-1007
bf59074e-18fd-4f9a-a1b0-a9bafc16f518,The Journal of Cell Biology,http://www.pubmedcentral.nih.gov/tocrender.fcgi?action=archive&journal=482,0021-9525
678ce279-560b-4a6c-af55-ff68d5c2b544,Bioscience Reports,https://link.springer.com/journal/10540,0144-8463
bc4a5170-6e34-4e60-89c4-7f18aee8bf23,Journal of biochemical and biophysical methods,http://www.elsevier.com/wps/find/journaldescription.cws_home/506027/description#description,0165-022X
b1994124-f1e8-4f96-a165-b6f19a04fe7e,Appl. Soft Comput.,http://www.elsevier.com/wps/find/journaldescription.cws_home/621920/description#description,1568-4946
066fa0b1-bbd7-4e12-a6ad-cafd76ba0811,Hypertension,http://hypertension.zaslavsky.com.ua/,2224-1485
63ed87ae-e104-4cfe-91c9-eb1f2f9ed5b0,Physical chemistry chemical physics : PCCP,http://www.rsc.org/publishing/journals/CP/Index.asp,1463-9076
fb4d95f0-46a7-4feb-b6fb-bffa7b98f19a,IET Softw.,http://www.ietdl.org/IET-SEN,1751-8806
5206db5e-119e-4015-8871-2265648b8626,IEICE Trans. Commun.,https://search.ieice.org/bin/index.php?category=B&curr=1&lang=E,0916-8516
a00fde74-d8df-4613-b825-0fff9f531d3f,ArXiv,http://ejournals.ebsco.com/direct.asp?JournalID=714200,1932-4537
cbbe61ca-ba31-4f0a-b64c-49da7a69f20c,Hematology,http://www.tandfonline.com/YHEM,1024-5332
b07ad337-ba9f-48ca-a0ff-59d1643601ac,Life sciences,https://journal.unnes.ac.id/sju/index.php/UnnesJLifeSci,2252-6277
e693dc83-bbed-4844-bfa8-a14861fdf715,Gene,http://www.elsevier.com/wps/find/journaldescription.cws_home/506033/description,0378-1119
21b36238-c30e-4cf2-aaff-afc89e023d0e,Molecular bioSystems,http://www.rsc.org/Publishing/Journals/MB/about.asp,1742-2051
